segment_id,road_name,city,latitude,longitude,timestamp,current_speed_kmph,freeflow_speed_kmph,congestion_pct,source
1,Road 1,Bangalore,12.9716,77.5946,2026-09-04 10:40:01,29.870921349031192,60,60.258157301937615,KAGGLE_SEED
1,Road 1,Bangalore,12.9716,77.5946,2026-09-04 11:40:01,31.15623009985527,60,57.68753980028946,KAGGLE_SEED
1,Road 1,Bangalore,12.9716,77.5946,2026-09-04 12:40:01,44.10383042994409,60,31.792339140111817,KAGGLE_SEED
1,Road 1,Bangalore,12.9716,77.5946,2026-09-04 13:40:01,42.20551325792931,60,35.588973484141384,KAGGLE_SEED
1,Road 1,Bangalore,12.9716,77.5946,2026-09-04 14:40:01,47.04498985837644,60,25.91002028324713,KAGGLE_SEED
1,Road 1,Bangalore,12.9716,77.5946,2026-09-04 15:40:01,36.69450849503539,60,46.61098300992922,KAGGLE_SEED
1,Road 1,Bangalore,12.9716,77.5946,2026-09-04 16:40:01,36.151823787943236,60,47.69635242411353,KAGGLE_SEED
1,Road 1,Bangalore,12.9716,77.5946,2026-09-04 17:40:01,36.54703394069809,60,46.905932118603815,KAGGLE_SEED
1,Road 1,Bangalore,12.9716,77.5946,2026-09-04 18:40:01,24.641842183233095,60,70.71631563353381,KAGGLE_SEED
1,Road 1,Bangalore,12.9716,77.5946,2026-09-04 19:40:01,24.12267339689933,60,71.75465320620134,KAGGLE_SEED
1,Road 1,Bangalore,12.9716,77.5946,2026-09-04 20:40:01,41.89278131018936,60,36.21443737962127,KAGGLE_SEED
1,Road 1,Bangalore,12.9716,77.5946,2026-09-04 21:40:01,47.62791758239371,60,24.744164835212594,KAGGLE_SEED
1,Road 1,Bangalore,12.9716,77.5946,2026-09-04 22:40:01,35.57779181192423,60,48.84441637615154,KAGGLE_SEED
1,Road 1,Bangalore,12.9716,77.5946,2026-09-04 23:40:01,56.11919088907354,60,7.7616182218529115,KAGGLE_SEED
1,Road 1,Bangalore,12.9716,77.5946,2026-09-05 00:40:01,58.82937403123033,60,2.3412519375393392,KAGGLE_SEED
1,Road 1,Bangalore,12.9716,77.5946,2026-09-05 01:40:01,56.56065581644957,60,6.878688367100865,KAGGLE_SEED
1,Road 1,Bangalore,12.9716,77.5946,2026-09-05 02:40:01,56.30353479469365,60,7.392930410612707,KAGGLE_SEED
1,Road 1,Bangalore,12.9716,77.5946,2026-09-05 03:40:01,55.2554036400007,60,9.489192719998599,KAGGLE_SEED
1,Road 1,Bangalore,12.9716,77.5946,2026-09-05 04:40:01,57.90489755711874,60,4.1902048857625225,KAGGLE_SEED
1,Road 1,Bangalore,12.9716,77.5946,2026-09-05 05:40:01,58.049171688780795,60,3.901656622438404,KAGGLE_SEED
1,Road 1,Bangalore,12.9716,77.5946,2026-09-05 06:40:01,51.15680476041557,60,17.686390479168864,KAGGLE_SEED
1,Road 1,Bangalore,12.9716,77.5946,2026-09-05 07:40:01,47.255125455853715,60,25.489749088292562,KAGGLE_SEED
1,Road 1,Bangalore,12.9716,77.5946,2026-09-05 08:40:01,40.63234587914117,60,38.735308241717654,KAGGLE_SEED
1,Road 1,Bangalore,12.9716,77.5946,2026-09-05 09:40:01,38.05268833426932,60,43.89462333146136,KAGGLE_SEED
1,Road 1,Bangalore,12.9716,77.5946,2026-09-05 10:40:01,43.217358993668185,60,33.56528201266362,KAGGLE_SEED
1,Road 1,Bangalore,12.9716,77.5946,2026-09-05 11:40:01,42.68601322401983,60,34.62797355196034,KAGGLE_SEED
1,Road 1,Bangalore,12.9716,77.5946,2026-09-05 12:40:01,49.661346390768045,60,20.677307218463913,KAGGLE_SEED
1,Road 1,Bangalore,12.9716,77.5946,2026-09-05 13:40:01,45.88970052685748,60,28.220598946285033,KAGGLE_SEED
1,Road 1,Bangalore,12.9716,77.5946,2026-09-05 14:40:01,48.04159207568246,60,23.916815848635075,KAGGLE_SEED
1,Road 1,Bangalore,12.9716,77.5946,2026-09-05 15:40:01,50.494735480959925,60,19.010529038080147,KAGGLE_SEED
1,Road 1,Bangalore,12.9716,77.5946,2026-09-05 16:40:01,48.942196480825174,60,22.115607038349648,KAGGLE_SEED
1,Road 1,Bangalore,12.9716,77.5946,2026-09-05 17:40:01,37.62407560790685,60,44.75184878418629,KAGGLE_SEED
1,Road 1,Bangalore,12.9716,77.5946,2026-09-05 18:40:01,37.84200214039902,60,44.315995719201965,KAGGLE_SEED
1,Road 1,Bangalore,12.9716,77.5946,2026-09-05 19:40:01,34.43356564095129,60,51.13286871809742,KAGGLE_SEED
1,Road 1,Bangalore,12.9716,77.5946,2026-09-05 20:40:01,45.04140074316649,60,29.917198513667014,KAGGLE_SEED
1,Road 1,Bangalore,12.9716,77.5946,2026-09-05 21:40:01,46.926153645658786,60,26.14769270868243,KAGGLE_SEED
1,Road 1,Bangalore,12.9716,77.5946,2026-09-05 22:40:01,46.11418548223171,60,27.771629035536577,KAGGLE_SEED
1,Road 1,Bangalore,12.9716,77.5946,2026-09-05 23:40:01,55.96613063987293,60,8.067738720254141,KAGGLE_SEED
1,Road 1,Bangalore,12.9716,77.5946,2026-09-06 00:40:01,55.43603065124664,60,9.127938697506723,KAGGLE_SEED
1,Road 1,Bangalore,12.9716,77.5946,2026-09-06 01:40:01,55.7385829478623,60,8.522834104275404,KAGGLE_SEED
1,Road 1,Bangalore,12.9716,77.5946,2026-09-06 02:40:01,55.71958726303909,60,8.560825473921819,KAGGLE_SEED
1,Road 1,Bangalore,12.9716,77.5946,2026-09-06 03:40:01,55.630895690676866,60,8.73820861864627,KAGGLE_SEED
1,Road 1,Bangalore,12.9716,77.5946,2026-09-06 04:40:01,56.999300738917604,60,6.00139852216479,KAGGLE_SEED
1,Road 1,Bangalore,12.9716,77.5946,2026-09-06 05:40:01,57.653927617021566,60,4.692144765956873,KAGGLE_SEED
1,Road 1,Bangalore,12.9716,77.5946,2026-09-06 06:40:01,42.46336302145871,60,35.07327395708258,KAGGLE_SEED
1,Road 1,Bangalore,12.9716,77.5946,2026-09-06 07:40:01,47.35182560444114,60,25.29634879111772,KAGGLE_SEED
1,Road 1,Bangalore,12.9716,77.5946,2026-09-06 08:40:01,38.04985736169702,60,43.900285276605956,KAGGLE_SEED
1,Road 1,Bangalore,12.9716,77.5946,2026-09-06 09:40:01,40.617616889876686,60,38.764766220246635,KAGGLE_SEED
1,Road 1,Bangalore,12.9716,77.5946,2026-09-06 10:40:01,39.84171302932221,60,40.31657394135559,KAGGLE_SEED
1,Road 1,Bangalore,12.9716,77.5946,2026-09-06 11:40:01,47.5943920372357,60,24.811215925528597,KAGGLE_SEED
1,Road 1,Bangalore,12.9716,77.5946,2026-09-06 12:40:01,52.94000554617254,60,14.119988907654912,KAGGLE_SEED
1,Road 1,Bangalore,12.9716,77.5946,2026-09-06 13:40:01,49.335009055854385,60,21.329981888291233,KAGGLE_SEED
1,Road 1,Bangalore,12.9716,77.5946,2026-09-06 14:40:01,53.224970410376535,60,13.550059179246931,KAGGLE_SEED
1,Road 1,Bangalore,12.9716,77.5946,2026-09-06 15:40:01,51.754636369611454,60,16.490727260777092,KAGGLE_SEED
1,Road 1,Bangalore,12.9716,77.5946,2026-09-06 16:40:01,43.02539779285143,60,33.94920441429714,KAGGLE_SEED
1,Road 1,Bangalore,12.9716,77.5946,2026-09-06 17:40:01,37.810258555355915,60,44.37948288928817,KAGGLE_SEED
1,Road 1,Bangalore,12.9716,77.5946,2026-09-06 18:40:01,45.77249217857,60,28.45501564286001,KAGGLE_SEED
1,Road 1,Bangalore,12.9716,77.5946,2026-09-06 19:40:01,42.27980312955361,60,35.44039374089277,KAGGLE_SEED
1,Road 1,Bangalore,12.9716,77.5946,2026-09-06 20:40:01,46.59802265220192,60,26.80395469559617,KAGGLE_SEED
1,Road 1,Bangalore,12.9716,77.5946,2026-09-06 21:40:01,48.42228171549608,60,23.15543656900785,KAGGLE_SEED
1,Road 1,Bangalore,12.9716,77.5946,2026-09-06 22:40:01,45.62487022801522,60,28.750259543969563,KAGGLE_SEED
1,Road 1,Bangalore,12.9716,77.5946,2026-09-06 23:40:01,55.91179240239031,60,8.176415195219374,KAGGLE_SEED
1,Road 1,Bangalore,12.9716,77.5946,2026-09-07 00:40:01,53.92918437453522,60,12.141631250929565,KAGGLE_SEED
1,Road 1,Bangalore,12.9716,77.5946,2026-09-07 01:40:01,57.446067326304714,60,5.107865347390568,KAGGLE_SEED
1,Road 1,Bangalore,12.9716,77.5946,2026-09-07 02:40:01,56.31444392665138,60,7.37111214669725,KAGGLE_SEED
1,Road 1,Bangalore,12.9716,77.5946,2026-09-07 03:40:01,53.48279465665855,60,13.034410686682907,KAGGLE_SEED
1,Road 1,Bangalore,12.9716,77.5946,2026-09-07 04:40:01,56.75252994534082,60,6.494940109318358,KAGGLE_SEED
1,Road 1,Bangalore,12.9716,77.5946,2026-09-07 05:40:01,53.603921400424795,60,12.79215719915041,KAGGLE_SEED
1,Road 1,Bangalore,12.9716,77.5946,2026-09-07 06:40:01,41.373370797969635,60,37.25325840406073,KAGGLE_SEED
1,Road 1,Bangalore,12.9716,77.5946,2026-09-07 07:40:01,33.33138509123125,60,53.337229817537505,KAGGLE_SEED
1,Road 1,Bangalore,12.9716,77.5946,2026-09-07 08:40:01,10.002506119687588,60,99.99498776062482,KAGGLE_SEED
1,Road 1,Bangalore,12.9716,77.5946,2026-09-07 09:40:01,18.099571185465024,60,83.80085762906995,KAGGLE_SEED
1,Road 1,Bangalore,12.9716,77.5946,2026-09-07 10:40:01,29.76359464096695,60,60.4728107180661,KAGGLE_SEED
1,Road 1,Bangalore,12.9716,77.5946,2026-09-07 11:40:01,41.91550510442377,60,36.168989791152455,KAGGLE_SEED
1,Road 1,Bangalore,12.9716,77.5946,2026-09-07 12:40:01,41.8268662760528,60,36.34626744789441,KAGGLE_SEED
1,Road 1,Bangalore,12.9716,77.5946,2026-09-07 13:40:01,41.1625016464331,60,37.67499670713381,KAGGLE_SEED
1,Road 1,Bangalore,12.9716,77.5946,2026-09-07 14:40:01,39.18829567701943,60,41.623408645961135,KAGGLE_SEED
1,Road 1,Bangalore,12.9716,77.5946,2026-09-07 15:40:01,41.2226627129976,60,37.55467457400481,KAGGLE_SEED
1,Road 1,Bangalore,12.9716,77.5946,2026-09-07 16:40:01,35.848233248229434,60,48.303533503541125,KAGGLE_SEED
1,Road 1,Bangalore,12.9716,77.5946,2026-09-07 17:40:01,28.080906650174526,60,63.83818669965095,KAGGLE_SEED
1,Road 1,Bangalore,12.9716,77.5946,2026-09-07 18:40:01,21.867842170122366,60,76.26431565975527,KAGGLE_SEED
1,Road 1,Bangalore,12.9716,77.5946,2026-09-07 19:40:01,24.06173774836916,60,71.87652450326168,KAGGLE_SEED
1,Road 1,Bangalore,12.9716,77.5946,2026-09-07 20:40:01,41.735330924662975,60,36.52933815067405,KAGGLE_SEED
1,Road 1,Bangalore,12.9716,77.5946,2026-09-07 21:40:01,45.57639028068632,60,28.847219438627363,KAGGLE_SEED
1,Road 1,Bangalore,12.9716,77.5946,2026-09-07 22:40:01,40.84165471147014,60,38.31669057705971,KAGGLE_SEED
1,Road 1,Bangalore,12.9716,77.5946,2026-09-07 23:40:01,55.979860472379215,60,8.040279055241571,KAGGLE_SEED
1,Road 1,Bangalore,12.9716,77.5946,2026-09-08 00:40:01,57.645537348129444,60,4.7089253037411165,KAGGLE_SEED
1,Road 1,Bangalore,12.9716,77.5946,2026-09-08 01:40:01,54.25106717864426,60,11.497865642711474,KAGGLE_SEED
1,Road 1,Bangalore,12.9716,77.5946,2026-09-08 02:40:01,55.0895101109019,60,9.82097977819621,KAGGLE_SEED
1,Road 1,Bangalore,12.9716,77.5946,2026-09-08 03:40:01,55.76303629275141,60,8.47392741449719,KAGGLE_SEED
1,Road 1,Bangalore,12.9716,77.5946,2026-09-08 04:40:01,56.96739698055709,60,6.065206038885817,KAGGLE_SEED
1,Road 1,Bangalore,12.9716,77.5946,2026-09-08 05:40:01,54.620520752801156,60,10.758958494397694,KAGGLE_SEED
1,Road 1,Bangalore,12.9716,77.5946,2026-09-08 06:40:01,40.672791883029994,60,38.65441623394001,KAGGLE_SEED
1,Road 1,Bangalore,12.9716,77.5946,2026-09-08 07:40:01,37.7946378476346,60,44.410724304730806,KAGGLE_SEED
1,Road 1,Bangalore,12.9716,77.5946,2026-09-08 08:40:01,28.44215058957352,60,63.11569882085296,KAGGLE_SEED
1,Road 1,Bangalore,12.9716,77.5946,2026-09-08 09:40:01,19.670866722777184,60,80.65826655444563,KAGGLE_SEED
1,Road 1,Bangalore,12.9716,77.5946,2026-09-08 10:40:01,24.333775526214602,60,71.3324489475708,KAGGLE_SEED
1,Road 1,Bangalore,12.9716,77.5946,2026-09-08 11:40:01,41.39725640612824,60,37.205487187743515,KAGGLE_SEED
1,Road 1,Bangalore,12.9716,77.5946,2026-09-08 12:40:01,39.375806654261716,60,41.24838669147657,KAGGLE_SEED
1,Road 1,Bangalore,12.9716,77.5946,2026-09-08 13:40:01,41.95960010314132,60,36.08079979371736,KAGGLE_SEED
1,Road 1,Bangalore,12.9716,77.5946,2026-09-08 14:40:01,29.19688124587942,60,61.60623750824116,KAGGLE_SEED
1,Road 1,Bangalore,12.9716,77.5946,2026-09-08 15:40:01,42.09466061100764,60,35.81067877798473,KAGGLE_SEED
1,Road 1,Bangalore,12.9716,77.5946,2026-09-08 16:40:01,42.68943943727447,60,34.62112112545105,KAGGLE_SEED
1,Road 1,Bangalore,12.9716,77.5946,2026-09-08 17:40:01,24.09163349346526,60,71.81673301306948,KAGGLE_SEED
1,Road 1,Bangalore,12.9716,77.5946,2026-09-08 18:40:01,24.194247084218304,60,71.61150583156339,KAGGLE_SEED
1,Road 1,Bangalore,12.9716,77.5946,2026-09-08 19:40:01,26.76234133502389,60,66.47531732995222,KAGGLE_SEED
1,Road 1,Bangalore,12.9716,77.5946,2026-09-08 20:40:01,34.27518883404098,60,51.449622331918036,KAGGLE_SEED
1,Road 1,Bangalore,12.9716,77.5946,2026-09-08 21:40:01,40.53515233118989,60,38.92969533762021,KAGGLE_SEED
1,Road 1,Bangalore,12.9716,77.5946,2026-09-08 22:40:01,36.72757694911116,60,46.54484610177768,KAGGLE_SEED
1,Road 1,Bangalore,12.9716,77.5946,2026-09-08 23:40:01,55.51693129890938,60,8.96613740218125,KAGGLE_SEED
1,Road 1,Bangalore,12.9716,77.5946,2026-09-09 00:40:01,53.75339465091089,60,12.493210698178212,KAGGLE_SEED
1,Road 1,Bangalore,12.9716,77.5946,2026-09-09 01:40:01,54.10600512780214,60,11.787989744395711,KAGGLE_SEED
1,Road 1,Bangalore,12.9716,77.5946,2026-09-09 02:40:01,53.563625294691334,60,12.872749410617324,KAGGLE_SEED
1,Road 1,Bangalore,12.9716,77.5946,2026-09-09 03:40:01,57.42410294876056,60,5.151794102478881,KAGGLE_SEED
1,Road 1,Bangalore,12.9716,77.5946,2026-09-09 04:40:01,49.944345715683525,60,20.111308568632957,KAGGLE_SEED
1,Road 1,Bangalore,12.9716,77.5946,2026-09-09 05:40:01,54.95937462000152,60,10.081250759996964,KAGGLE_SEED
1,Road 1,Bangalore,12.9716,77.5946,2026-09-09 06:40:01,38.54253819744332,60,42.91492360511335,KAGGLE_SEED
1,Road 1,Bangalore,12.9716,77.5946,2026-09-09 07:40:01,45.0637500079879,60,29.872499984024202,KAGGLE_SEED
1,Road 1,Bangalore,12.9716,77.5946,2026-09-09 08:40:01,24.261769140490827,60,71.47646171901835,KAGGLE_SEED
1,Road 1,Bangalore,12.9716,77.5946,2026-09-09 09:40:01,22.73757680567231,60,74.52484638865538,KAGGLE_SEED
1,Road 1,Bangalore,12.9716,77.5946,2026-09-09 10:40:01,21.6487990085028,60,76.7024019829944,KAGGLE_SEED
1,Road 1,Bangalore,12.9716,77.5946,2026-09-09 11:40:01,53.893758006582374,60,12.212483986835249,KAGGLE_SEED
1,Road 1,Bangalore,12.9716,77.5946,2026-09-09 12:40:01,41.92444293646411,60,36.15111412707178,KAGGLE_SEED
1,Road 1,Bangalore,12.9716,77.5946,2026-09-09 13:40:01,45.34764647135429,60,29.304707057291424,KAGGLE_SEED
1,Road 1,Bangalore,12.9716,77.5946,2026-09-09 14:40:01,48.082149679995524,60,23.83570064000895,KAGGLE_SEED
1,Road 1,Bangalore,12.9716,77.5946,2026-09-09 15:40:01,36.78558879336711,60,46.42882241326578,KAGGLE_SEED
1,Road 1,Bangalore,12.9716,77.5946,2026-09-09 16:40:01,35.07506020856785,60,49.849879582864304,KAGGLE_SEED
1,Road 1,Bangalore,12.9716,77.5946,2026-09-09 17:40:01,26.18417144855455,60,67.6316571028909,KAGGLE_SEED
1,Road 1,Bangalore,12.9716,77.5946,2026-09-09 18:40:01,32.651630656891015,60,54.69673868621797,KAGGLE_SEED
1,Road 1,Bangalore,12.9716,77.5946,2026-09-09 19:40:01,26.46057703373569,60,67.07884593252862,KAGGLE_SEED
1,Road 1,Bangalore,12.9716,77.5946,2026-09-09 20:40:01,41.75412566687123,60,36.49174866625753,KAGGLE_SEED
1,Road 1,Bangalore,12.9716,77.5946,2026-09-09 21:40:01,50.41377901735869,60,19.17244196528262,KAGGLE_SEED
1,Road 1,Bangalore,12.9716,77.5946,2026-09-09 22:40:01,45.03166920694464,60,29.936661586110723,KAGGLE_SEED
1,Road 1,Bangalore,12.9716,77.5946,2026-09-09 23:40:01,52.66649232799642,60,14.667015344007151,KAGGLE_SEED
1,Road 1,Bangalore,12.9716,77.5946,2026-09-10 00:40:01,55.470721078863086,60,9.058557842273826,KAGGLE_SEED
1,Road 1,Bangalore,12.9716,77.5946,2026-09-10 01:40:01,53.642745364012086,60,12.714509271975835,KAGGLE_SEED
1,Road 1,Bangalore,12.9716,77.5946,2026-09-10 02:40:01,57.56295775703469,60,4.874084485930618,KAGGLE_SEED
1,Road 1,Bangalore,12.9716,77.5946,2026-09-10 03:40:01,53.25194865403407,60,13.496102691931874,KAGGLE_SEED
1,Road 1,Bangalore,12.9716,77.5946,2026-09-10 04:40:01,54.72554896766932,60,10.548902064661359,KAGGLE_SEED
1,Road 1,Bangalore,12.9716,77.5946,2026-09-10 05:40:01,51.94828488671675,60,16.103430226566502,KAGGLE_SEED
1,Road 1,Bangalore,12.9716,77.5946,2026-09-10 06:40:01,43.293314772532,60,33.41337045493601,KAGGLE_SEED
1,Road 1,Bangalore,12.9716,77.5946,2026-09-10 07:40:01,41.72379587667808,60,36.55240824664383,KAGGLE_SEED
1,Road 1,Bangalore,12.9716,77.5946,2026-09-10 08:40:01,27.817043063206015,60,64.36591387358797,KAGGLE_SEED
1,Road 1,Bangalore,12.9716,77.5946,2026-09-10 09:40:01,33.678642269371636,60,52.64271546125673,KAGGLE_SEED
1,Road 1,Bangalore,12.9716,77.5946,2026-09-10 10:40:01,28.7799551713569,60,62.4400896572862,KAGGLE_SEED
1,Road 1,Bangalore,12.9716,77.5946,2026-09-10 11:40:01,46.215803915747614,60,27.568392168504776,KAGGLE_SEED
1,Road 1,Bangalore,12.9716,77.5946,2026-09-10 12:40:01,39.60334918484848,60,40.793301630303034,KAGGLE_SEED
1,Road 1,Bangalore,12.9716,77.5946,2026-09-10 13:40:01,42.042312989268005,60,35.91537402146399,KAGGLE_SEED
1,Road 1,Bangalore,12.9716,77.5946,2026-09-10 14:40:01,33.43914099930274,60,53.12171800139453,KAGGLE_SEED
1,Road 1,Bangalore,12.9716,77.5946,2026-09-10 15:40:01,37.42207448188208,60,45.15585103623584,KAGGLE_SEED
1,Road 1,Bangalore,12.9716,77.5946,2026-09-10 16:40:01,37.51961575148681,60,44.96076849702637,KAGGLE_SEED
1,Road 1,Bangalore,12.9716,77.5946,2026-09-10 17:40:01,29.155026195900874,60,61.68994760819825,KAGGLE_SEED
1,Road 1,Bangalore,12.9716,77.5946,2026-09-10 18:40:01,27.32531715803264,60,65.34936568393472,KAGGLE_SEED
1,Road 1,Bangalore,12.9716,77.5946,2026-09-10 19:40:01,19.737032494145467,60,80.52593501170907,KAGGLE_SEED
1,Road 1,Bangalore,12.9716,77.5946,2026-09-10 20:40:01,37.9210423583241,60,44.1579152833518,KAGGLE_SEED
1,Road 1,Bangalore,12.9716,77.5946,2026-09-10 21:40:01,39.81751929531319,60,40.36496140937361,KAGGLE_SEED
1,Road 1,Bangalore,12.9716,77.5946,2026-09-10 22:40:01,36.4429978823523,60,47.114004235295404,KAGGLE_SEED
1,Road 1,Bangalore,12.9716,77.5946,2026-09-10 23:40:01,52.166556491493346,60,15.666887017013313,KAGGLE_SEED
1,Road 1,Bangalore,12.9716,77.5946,2026-09-11 00:40:01,56.37810268355958,60,7.243794632880833,KAGGLE_SEED
1,Road 1,Bangalore,12.9716,77.5946,2026-09-11 01:40:01,53.5906703013838,60,12.818659397232395,KAGGLE_SEED
1,Road 1,Bangalore,12.9716,77.5946,2026-09-11 02:40:01,55.26379932563382,60,9.472401348732358,KAGGLE_SEED
1,Road 1,Bangalore,12.9716,77.5946,2026-09-11 03:40:01,55.06099294509762,60,9.878014109804765,KAGGLE_SEED
1,Road 1,Bangalore,12.9716,77.5946,2026-09-11 04:40:01,53.05563266519233,60,13.888734669615346,KAGGLE_SEED
1,Road 1,Bangalore,12.9716,77.5946,2026-09-11 05:40:01,54.63663358100559,60,10.726732837988823,KAGGLE_SEED
1,Road 1,Bangalore,12.9716,77.5946,2026-09-11 06:40:01,42.54294285068021,60,34.914114298639575,KAGGLE_SEED
1,Road 1,Bangalore,12.9716,77.5946,2026-09-11 07:40:01,36.718285993570646,60,46.563428012858715,KAGGLE_SEED
1,Road 1,Bangalore,12.9716,77.5946,2026-09-11 08:40:01,31.148864250189934,60,57.70227149962013,KAGGLE_SEED
1,Road 1,Bangalore,12.9716,77.5946,2026-09-11 09:40:01,22.04715639325157,60,75.90568721349686,KAGGLE_SEED
1,Road 1,Bangalore,12.9716,77.5946,2026-09-11 10:40:01,18.113396327133714,60,83.77320734573257,KAGGLE_SEED
1,Road 1,Bangalore,12.9716,77.5946,2026-09-11 11:40:01,36.787523930047,60,46.424952139906,KAGGLE_SEED
1,Road 1,Bangalore,12.9716,77.5946,2026-09-11 12:40:01,49.79464482657231,60,20.410710346855375,KAGGLE_SEED
1,Road 1,Bangalore,12.9716,77.5946,2026-09-11 13:40:01,41.28466355780998,60,37.43067288438005,KAGGLE_SEED
1,Road 1,Bangalore,12.9716,77.5946,2026-09-11 14:40:01,42.559671531511015,60,34.88065693697797,KAGGLE_SEED
1,Road 1,Bangalore,12.9716,77.5946,2026-09-11 15:40:01,45.93539483866121,60,28.129210322677586,KAGGLE_SEED
1,Road 1,Bangalore,12.9716,77.5946,2026-09-11 16:40:01,35.10691757189077,60,49.78616485621846,KAGGLE_SEED
1,Road 1,Bangalore,12.9716,77.5946,2026-09-11 17:40:01,27.792784396355792,60,64.41443120728842,KAGGLE_SEED
1,Road 1,Bangalore,12.9716,77.5946,2026-09-11 18:40:01,21.99492889280502,60,76.01014221438996,KAGGLE_SEED
1,Road 1,Bangalore,12.9716,77.5946,2026-09-11 19:40:01,30.323433049517856,60,59.35313390096429,KAGGLE_SEED
1,Road 1,Bangalore,12.9716,77.5946,2026-09-11 20:40:01,36.98101006505266,60,46.037979869894684,KAGGLE_SEED
1,Road 1,Bangalore,12.9716,77.5946,2026-09-11 21:40:01,34.13881417269095,60,51.7223716546181,KAGGLE_SEED
1,Road 1,Bangalore,12.9716,77.5946,2026-09-11 22:40:01,40.60834026194387,60,38.783319476112254,KAGGLE_SEED
1,Road 1,Bangalore,12.9716,77.5946,2026-09-11 23:40:01,57.61569475491223,60,4.768610490175542,KAGGLE_SEED
1,Road 1,Bangalore,12.9716,77.5946,2026-09-12 00:40:01,57.50773928406562,60,4.984521431868756,KAGGLE_SEED
1,Road 1,Bangalore,12.9716,77.5946,2026-09-12 01:40:01,56.19109639140512,60,7.6178072171897675,KAGGLE_SEED
1,Road 1,Bangalore,12.9716,77.5946,2026-09-12 02:40:01,58.92618579127375,60,2.147628417452492,KAGGLE_SEED
1,Road 1,Bangalore,12.9716,77.5946,2026-09-12 03:40:01,57.61446475233909,60,4.771070495321818,KAGGLE_SEED
1,Road 1,Bangalore,12.9716,77.5946,2026-09-12 04:40:01,58.043543910100176,60,3.9129121797996462,KAGGLE_SEED
1,Road 1,Bangalore,12.9716,77.5946,2026-09-12 05:40:01,55.89204380494502,60,8.215912390109967,KAGGLE_SEED
1,Road 1,Bangalore,12.9716,77.5946,2026-09-12 06:40:01,51.67603005178459,60,16.647939896430806,KAGGLE_SEED
1,Road 1,Bangalore,12.9716,77.5946,2026-09-12 07:40:01,48.163789538886235,60,23.672420922227538,KAGGLE_SEED
1,Road 1,Bangalore,12.9716,77.5946,2026-09-12 08:40:01,39.88362272155105,60,40.232754556897895,KAGGLE_SEED
1,Road 1,Bangalore,12.9716,77.5946,2026-09-12 09:40:01,39.77286467489718,60,40.45427065020565,KAGGLE_SEED
1,Road 1,Bangalore,12.9716,77.5946,2026-09-12 10:40:01,38.06350675629947,60,43.872986487401064,KAGGLE_SEED
1,Road 1,Bangalore,12.9716,77.5946,2026-09-12 11:40:01,48.947047698807594,60,22.10590460238481,KAGGLE_SEED
1,Road 1,Bangalore,12.9716,77.5946,2026-09-12 12:40:01,50.23488941264216,60,19.53022117471568,KAGGLE_SEED
1,Road 1,Bangalore,12.9716,77.5946,2026-09-12 13:40:01,48.32114223462234,60,23.357715530755318,KAGGLE_SEED
1,Road 1,Bangalore,12.9716,77.5946,2026-09-12 14:40:01,48.084868405470125,60,23.830263189059746,KAGGLE_SEED
1,Road 1,Bangalore,12.9716,77.5946,2026-09-12 15:40:01,47.044544503980596,60,25.910910992038804,KAGGLE_SEED
1,Road 1,Bangalore,12.9716,77.5946,2026-09-12 16:40:01,55.075932515605,60,9.848134968790001,KAGGLE_SEED
1,Road 1,Bangalore,12.9716,77.5946,2026-09-12 17:40:01,41.91149104508164,60,36.17701790983672,KAGGLE_SEED
1,Road 1,Bangalore,12.9716,77.5946,2026-09-12 18:40:01,42.201713907110296,60,35.59657218577941,KAGGLE_SEED
1,Road 1,Bangalore,12.9716,77.5946,2026-09-12 19:40:01,42.17236739306398,60,35.655265213872035,KAGGLE_SEED
1,Road 1,Bangalore,12.9716,77.5946,2026-09-12 20:40:01,43.884197437090315,60,32.23160512581937,KAGGLE_SEED
1,Road 1,Bangalore,12.9716,77.5946,2026-09-12 21:40:01,48.72772877805295,60,22.544542443894102,KAGGLE_SEED
1,Road 1,Bangalore,12.9716,77.5946,2026-09-12 22:40:01,44.825977227366074,60,30.348045545267848,KAGGLE_SEED
1,Road 1,Bangalore,12.9716,77.5946,2026-09-12 23:40:01,53.39192614418411,60,13.216147711631784,KAGGLE_SEED
1,Road 1,Bangalore,12.9716,77.5946,2026-09-13 00:40:01,56.685601521928106,60,6.62879695614379,KAGGLE_SEED
1,Road 1,Bangalore,12.9716,77.5946,2026-09-13 01:40:01,56.500915406604946,60,6.998169186790103,KAGGLE_SEED
1,Road 1,Bangalore,12.9716,77.5946,2026-09-13 02:40:01,57.43256308567284,60,5.134873828654327,KAGGLE_SEED
1,Road 1,Bangalore,12.9716,77.5946,2026-09-13 03:40:01,54.07996717098405,60,11.840065658031898,KAGGLE_SEED
1,Road 1,Bangalore,12.9716,77.5946,2026-09-13 04:40:01,56.93663124132794,60,6.126737517344129,KAGGLE_SEED
1,Road 1,Bangalore,12.9716,77.5946,2026-09-13 05:40:01,58.94923240949871,60,2.1015351810025695,KAGGLE_SEED
1,Road 1,Bangalore,12.9716,77.5946,2026-09-13 06:40:01,48.580834630323054,60,22.838330739353896,KAGGLE_SEED
1,Road 1,Bangalore,12.9716,77.5946,2026-09-13 07:40:01,43.97556511319879,60,32.04886977360242,KAGGLE_SEED
1,Road 1,Bangalore,12.9716,77.5946,2026-09-13 08:40:01,38.05763977001128,60,43.88472045997745,KAGGLE_SEED
1,Road 1,Bangalore,12.9716,77.5946,2026-09-13 09:40:01,41.863230723129305,60,36.27353855374139,KAGGLE_SEED
1,Road 1,Bangalore,12.9716,77.5946,2026-09-13 10:40:01,37.23057899972446,60,45.538842000551085,KAGGLE_SEED
1,Road 1,Bangalore,12.9716,77.5946,2026-09-13 11:40:01,48.197317276794834,60,23.605365446410335,KAGGLE_SEED
1,Road 1,Bangalore,12.9716,77.5946,2026-09-13 12:40:01,44.73084174068231,60,30.538316518635376,KAGGLE_SEED
1,Road 1,Bangalore,12.9716,77.5946,2026-09-13 13:40:01,48.347578100102965,60,23.304843799794067,KAGGLE_SEED
1,Road 1,Bangalore,12.9716,77.5946,2026-09-13 14:40:01,41.75061247870137,60,36.49877504259726,KAGGLE_SEED
1,Road 1,Bangalore,12.9716,77.5946,2026-09-13 15:40:01,48.94345325420263,60,22.113093491594743,KAGGLE_SEED
1,Road 1,Bangalore,12.9716,77.5946,2026-09-13 16:40:01,58.0450173930033,60,3.909965213993399,KAGGLE_SEED
1,Road 1,Bangalore,12.9716,77.5946,2026-09-13 17:40:01,36.93560301630722,60,46.12879396738556,KAGGLE_SEED
1,Road 1,Bangalore,12.9716,77.5946,2026-09-13 18:40:01,43.105320372925654,60,33.78935925414869,KAGGLE_SEED
1,Road 1,Bangalore,12.9716,77.5946,2026-09-13 19:40:01,40.48890343009708,60,39.02219313980584,KAGGLE_SEED
1,Road 1,Bangalore,12.9716,77.5946,2026-09-13 20:40:01,48.79575608310271,60,22.40848783379458,KAGGLE_SEED
1,Road 1,Bangalore,12.9716,77.5946,2026-09-13 21:40:01,50.610511184757016,60,18.77897763048596,KAGGLE_SEED
1,Road 1,Bangalore,12.9716,77.5946,2026-09-13 22:40:01,48.992326468612866,60,22.015347062774268,KAGGLE_SEED
1,Road 1,Bangalore,12.9716,77.5946,2026-09-13 23:40:01,57.99349890576629,60,4.013002188467426,KAGGLE_SEED
1,Road 1,Bangalore,12.9716,77.5946,2026-09-14 00:40:01,54.21420217566741,60,11.57159564866518,KAGGLE_SEED
1,Road 1,Bangalore,12.9716,77.5946,2026-09-14 01:40:01,51.096763603129034,60,17.806472793741932,KAGGLE_SEED
1,Road 1,Bangalore,12.9716,77.5946,2026-09-14 02:40:01,54.97937805737224,60,10.041243885255525,KAGGLE_SEED
1,Road 1,Bangalore,12.9716,77.5946,2026-09-14 03:40:01,55.25253771694094,60,9.494924566118112,KAGGLE_SEED
1,Road 1,Bangalore,12.9716,77.5946,2026-09-14 04:40:01,53.968585826651704,60,12.062828346696593,KAGGLE_SEED
1,Road 1,Bangalore,12.9716,77.5946,2026-09-14 05:40:01,57.156005661044745,60,5.687988677910517,KAGGLE_SEED
1,Road 1,Bangalore,12.9716,77.5946,2026-09-14 06:40:01,36.134126747181554,60,47.731746505636885,KAGGLE_SEED
1,Road 1,Bangalore,12.9716,77.5946,2026-09-14 07:40:01,37.46153340273827,60,45.07693319452346,KAGGLE_SEED
1,Road 1,Bangalore,12.9716,77.5946,2026-09-14 08:40:01,22.044000445883476,60,75.91199910823305,KAGGLE_SEED
1,Road 1,Bangalore,12.9716,77.5946,2026-09-14 09:40:01,15.70759962177791,60,88.58480075644418,KAGGLE_SEED
1,Road 1,Bangalore,12.9716,77.5946,2026-09-14 10:40:01,25.75338356348793,60,68.49323287302414,KAGGLE_SEED
1,Road 1,Bangalore,12.9716,77.5946,2026-09-14 11:40:01,36.09463588535131,60,47.81072822929739,KAGGLE_SEED
1,Road 1,Bangalore,12.9716,77.5946,2026-09-14 12:40:01,41.36791347329233,60,37.26417305341534,KAGGLE_SEED
1,Road 1,Bangalore,12.9716,77.5946,2026-09-14 13:40:01,41.135122045487286,60,37.72975590902543,KAGGLE_SEED
1,Road 1,Bangalore,12.9716,77.5946,2026-09-14 14:40:01,50.16697004281712,60,19.66605991436576,KAGGLE_SEED
1,Road 1,Bangalore,12.9716,77.5946,2026-09-14 15:40:01,39.04156383435366,60,41.91687233129268,KAGGLE_SEED
1,Road 1,Bangalore,12.9716,77.5946,2026-09-14 16:40:01,44.478534381538594,60,31.042931236922804,KAGGLE_SEED
1,Road 1,Bangalore,12.9716,77.5946,2026-09-14 17:40:01,11.613760355861523,60,96.77247928827695,KAGGLE_SEED
1,Road 1,Bangalore,12.9716,77.5946,2026-09-14 18:40:01,26.647663176046834,60,66.70467364790633,KAGGLE_SEED
1,Road 1,Bangalore,12.9716,77.5946,2026-09-14 19:40:01,29.710473260088058,60,60.579053479823884,KAGGLE_SEED
1,Road 1,Bangalore,12.9716,77.5946,2026-09-14 20:40:01,40.15122846678646,60,39.69754306642708,KAGGLE_SEED
1,Road 1,Bangalore,12.9716,77.5946,2026-09-14 21:40:01,41.31586610107124,60,37.368267797857534,KAGGLE_SEED
1,Road 1,Bangalore,12.9716,77.5946,2026-09-14 22:40:01,43.12915620251457,60,33.741687594970855,KAGGLE_SEED
1,Road 1,Bangalore,12.9716,77.5946,2026-09-14 23:40:01,53.319055094818204,60,13.361889810363596,KAGGLE_SEED
1,Road 1,Bangalore,12.9716,77.5946,2026-09-15 00:40:01,55.48450945140617,60,9.030981097187667,KAGGLE_SEED
1,Road 1,Bangalore,12.9716,77.5946,2026-09-15 01:40:01,53.43286118036231,60,13.134277639275389,KAGGLE_SEED
1,Road 1,Bangalore,12.9716,77.5946,2026-09-15 02:40:01,51.43515625936671,60,17.129687481266586,KAGGLE_SEED
1,Road 1,Bangalore,12.9716,77.5946,2026-09-15 03:40:01,56.304479218629574,60,7.391041562740846,KAGGLE_SEED
1,Road 1,Bangalore,12.9716,77.5946,2026-09-15 04:40:01,60.0,60,0,KAGGLE_SEED
1,Road 1,Bangalore,12.9716,77.5946,2026-09-15 05:40:01,54.02431019572676,60,11.951379608546473,KAGGLE_SEED
1,Road 1,Bangalore,12.9716,77.5946,2026-09-15 06:40:01,45.45858370975564,60,29.082832580488727,KAGGLE_SEED
1,Road 1,Bangalore,12.9716,77.5946,2026-09-15 07:40:01,36.69687121231973,60,46.606257575360544,KAGGLE_SEED
1,Road 1,Bangalore,12.9716,77.5946,2026-09-15 08:40:01,27.047275133655106,60,65.90544973268979,KAGGLE_SEED
1,Road 1,Bangalore,12.9716,77.5946,2026-09-15 09:40:01,23.406734330310925,60,73.18653133937815,KAGGLE_SEED
1,Road 1,Bangalore,12.9716,77.5946,2026-09-15 10:40:01,25.272694290863427,60,69.45461141827315,KAGGLE_SEED
1,Road 1,Bangalore,12.9716,77.5946,2026-09-15 11:40:01,41.064695094020465,60,37.87060981195907,KAGGLE_SEED
1,Road 1,Bangalore,12.9716,77.5946,2026-09-15 12:40:01,46.08018193653215,60,27.839636126935705,KAGGLE_SEED
1,Road 1,Bangalore,12.9716,77.5946,2026-09-15 13:40:01,48.246073504567505,60,23.507852990864993,KAGGLE_SEED
1,Road 1,Bangalore,12.9716,77.5946,2026-09-15 14:40:01,42.52400582499153,60,34.95198835001695,KAGGLE_SEED
1,Road 1,Bangalore,12.9716,77.5946,2026-09-15 15:40:01,32.64647855018302,60,54.70704289963397,KAGGLE_SEED
1,Road 1,Bangalore,12.9716,77.5946,2026-09-15 16:40:01,42.24109647554954,60,35.51780704890092,KAGGLE_SEED
1,Road 1,Bangalore,12.9716,77.5946,2026-09-15 17:40:01,25.066952249826493,60,69.86609550034701,KAGGLE_SEED
1,Road 1,Bangalore,12.9716,77.5946,2026-09-15 18:40:01,20.464135645474833,60,79.07172870905033,KAGGLE_SEED
1,Road 1,Bangalore,12.9716,77.5946,2026-09-15 19:40:01,23.2580586854288,60,73.4838826291424,KAGGLE_SEED
1,Road 1,Bangalore,12.9716,77.5946,2026-09-15 20:40:01,32.95327085168403,60,54.09345829663194,KAGGLE_SEED
1,Road 1,Bangalore,12.9716,77.5946,2026-09-15 21:40:01,37.941879860940986,60,44.11624027811802,KAGGLE_SEED
1,Road 1,Bangalore,12.9716,77.5946,2026-09-15 22:40:01,35.294240362538595,60,49.41151927492281,KAGGLE_SEED
1,Road 1,Bangalore,12.9716,77.5946,2026-09-15 23:40:01,55.718230983992505,60,8.563538032014993,KAGGLE_SEED
1,Road 1,Bangalore,12.9716,77.5946,2026-09-16 00:40:01,54.33281701843268,60,11.334365963134642,KAGGLE_SEED
1,Road 1,Bangalore,12.9716,77.5946,2026-09-16 01:40:01,53.745616889404936,60,12.508766221190124,KAGGLE_SEED
1,Road 1,Bangalore,12.9716,77.5946,2026-09-16 02:40:01,60.0,60,0,KAGGLE_SEED
1,Road 1,Bangalore,12.9716,77.5946,2026-09-16 03:40:01,54.199833813934546,60,11.60033237213091,KAGGLE_SEED
1,Road 1,Bangalore,12.9716,77.5946,2026-09-16 04:40:01,58.478534606317744,60,3.042930787364506,KAGGLE_SEED
1,Road 1,Bangalore,12.9716,77.5946,2026-09-16 05:40:01,51.40260044172706,60,17.194799116545873,KAGGLE_SEED
1,Road 1,Bangalore,12.9716,77.5946,2026-09-16 06:40:01,36.04148310909207,60,47.91703378181586,KAGGLE_SEED
1,Road 1,Bangalore,12.9716,77.5946,2026-09-16 07:40:01,32.71356947829375,60,54.57286104341251,KAGGLE_SEED
1,Road 1,Bangalore,12.9716,77.5946,2026-09-16 08:40:01,18.878230453119535,60,82.24353909376093,KAGGLE_SEED
1,Road 1,Bangalore,12.9716,77.5946,2026-09-16 09:40:01,32.44656838207463,60,55.106863235850746,KAGGLE_SEED
1,Road 1,Bangalore,12.9716,77.5946,2026-09-16 10:40:01,25.109052472686393,60,69.78189505462721,KAGGLE_SEED
1,Road 1,Bangalore,12.9716,77.5946,2026-09-16 11:40:01,39.87412943260773,60,40.25174113478453,KAGGLE_SEED
1,Road 1,Bangalore,12.9716,77.5946,2026-09-16 12:40:01,40.73629793392536,60,38.527404132149286,KAGGLE_SEED
1,Road 1,Bangalore,12.9716,77.5946,2026-09-16 13:40:01,33.49319984397252,60,53.01360031205496,KAGGLE_SEED
1,Road 1,Bangalore,12.9716,77.5946,2026-09-16 14:40:01,40.97976411709267,60,38.040471765814665,KAGGLE_SEED
1,Road 1,Bangalore,12.9716,77.5946,2026-09-16 15:40:01,44.45837291930583,60,31.083254161388343,KAGGLE_SEED
1,Road 1,Bangalore,12.9716,77.5946,2026-09-16 16:40:01,37.374281490522165,60,45.25143701895566,KAGGLE_SEED
1,Road 1,Bangalore,12.9716,77.5946,2026-09-16 17:40:01,19.89804411678451,60,80.20391176643098,KAGGLE_SEED
1,Road 1,Bangalore,12.9716,77.5946,2026-09-16 18:40:01,28.009957728207784,60,63.98008454358443,KAGGLE_SEED
1,Road 1,Bangalore,12.9716,77.5946,2026-09-16 19:40:01,24.028183979641675,60,71.94363204071665,KAGGLE_SEED
1,Road 1,Bangalore,12.9716,77.5946,2026-09-16 20:40:01,49.08436443507009,60,21.831271129859815,KAGGLE_SEED
1,Road 1,Bangalore,12.9716,77.5946,2026-09-16 21:40:01,38.049145328004855,60,43.90170934399029,KAGGLE_SEED
1,Road 1,Bangalore,12.9716,77.5946,2026-09-16 22:40:01,39.333008970936646,60,41.333982058126715,KAGGLE_SEED
1,Road 1,Bangalore,12.9716,77.5946,2026-09-16 23:40:01,52.308358435411144,60,15.38328312917771,KAGGLE_SEED
1,Road 1,Bangalore,12.9716,77.5946,2026-09-17 00:40:01,58.99736213584586,60,2.005275728308278,KAGGLE_SEED
1,Road 1,Bangalore,12.9716,77.5946,2026-09-17 01:40:01,54.99819306744524,60,10.00361386510951,KAGGLE_SEED
1,Road 1,Bangalore,12.9716,77.5946,2026-09-17 02:40:01,53.504000501731795,60,12.991998996536402,KAGGLE_SEED
1,Road 1,Bangalore,12.9716,77.5946,2026-09-17 03:40:01,59.12854910341161,60,1.742901793176781,KAGGLE_SEED
1,Road 1,Bangalore,12.9716,77.5946,2026-09-17 04:40:01,55.240888887273734,60,9.518222225452536,KAGGLE_SEED
1,Road 1,Bangalore,12.9716,77.5946,2026-09-17 05:40:01,55.77221213982894,60,8.455575720342118,KAGGLE_SEED
1,Road 1,Bangalore,12.9716,77.5946,2026-09-17 06:40:01,42.836182383286754,60,34.3276352334265,KAGGLE_SEED
1,Road 1,Bangalore,12.9716,77.5946,2026-09-17 07:40:01,43.072282586051074,60,33.855434827897845,KAGGLE_SEED
1,Road 1,Bangalore,12.9716,77.5946,2026-09-17 08:40:01,25.395782954626952,60,69.2084340907461,KAGGLE_SEED
1,Road 1,Bangalore,12.9716,77.5946,2026-09-17 09:40:01,22.26236287936672,60,75.47527424126656,KAGGLE_SEED
1,Road 1,Bangalore,12.9716,77.5946,2026-09-17 10:40:01,24.76450465183303,60,70.47099069633394,KAGGLE_SEED
1,Road 1,Bangalore,12.9716,77.5946,2026-09-17 11:40:01,36.0415685861838,60,47.9168628276324,KAGGLE_SEED
1,Road 1,Bangalore,12.9716,77.5946,2026-09-17 12:40:01,47.65577160560292,60,24.688456788794163,KAGGLE_SEED
1,Road 1,Bangalore,12.9716,77.5946,2026-09-17 13:40:01,35.465061098625085,60,49.06987780274983,KAGGLE_SEED
1,Road 1,Bangalore,12.9716,77.5946,2026-09-17 14:40:01,37.45513943087575,60,45.0897211382485,KAGGLE_SEED
1,Road 1,Bangalore,12.9716,77.5946,2026-09-17 15:40:01,44.70729005427952,60,30.585419891440967,KAGGLE_SEED
1,Road 1,Bangalore,12.9716,77.5946,2026-09-17 16:40:01,46.2777011861549,60,27.4445976276902,KAGGLE_SEED
1,Road 1,Bangalore,12.9716,77.5946,2026-09-17 17:40:01,22.294218191788048,60,75.4115636164239,KAGGLE_SEED
1,Road 1,Bangalore,12.9716,77.5946,2026-09-17 18:40:01,25.67492577924085,60,68.6501484415183,KAGGLE_SEED
1,Road 1,Bangalore,12.9716,77.5946,2026-09-17 19:40:01,27.987841794800808,60,64.02431641039838,KAGGLE_SEED
1,Road 1,Bangalore,12.9716,77.5946,2026-09-17 20:40:01,44.48407189391822,60,31.031856212163564,KAGGLE_SEED
1,Road 1,Bangalore,12.9716,77.5946,2026-09-17 21:40:01,38.72058990306894,60,42.55882019386212,KAGGLE_SEED
1,Road 1,Bangalore,12.9716,77.5946,2026-09-17 22:40:01,33.66539955977839,60,52.669200880443206,KAGGLE_SEED
1,Road 1,Bangalore,12.9716,77.5946,2026-09-17 23:40:01,52.0493157537733,60,15.901368492453393,KAGGLE_SEED
1,Road 1,Bangalore,12.9716,77.5946,2026-09-18 00:40:01,52.20129878823533,60,15.597402423529344,KAGGLE_SEED
1,Road 1,Bangalore,12.9716,77.5946,2026-09-18 01:40:01,55.30676411144864,60,9.386471777102711,KAGGLE_SEED
1,Road 1,Bangalore,12.9716,77.5946,2026-09-18 02:40:01,55.86633990758822,60,8.267320184823562,KAGGLE_SEED
1,Road 1,Bangalore,12.9716,77.5946,2026-09-18 03:40:01,55.06827188724552,60,9.86345622550896,KAGGLE_SEED
1,Road 1,Bangalore,12.9716,77.5946,2026-09-18 04:40:01,57.80563110594592,60,4.388737788108152,KAGGLE_SEED
1,Road 1,Bangalore,12.9716,77.5946,2026-09-18 05:40:01,48.04474689930713,60,23.910506201385743,KAGGLE_SEED
1,Road 1,Bangalore,12.9716,77.5946,2026-09-18 06:40:01,45.06753565158898,60,29.864928696822034,KAGGLE_SEED
1,Road 1,Bangalore,12.9716,77.5946,2026-09-18 07:40:01,39.24200846593589,60,41.51598306812822,KAGGLE_SEED
1,Road 1,Bangalore,12.9716,77.5946,2026-09-18 08:40:01,31.775739818433447,60,56.448520363133106,KAGGLE_SEED
1,Road 1,Bangalore,12.9716,77.5946,2026-09-18 09:40:01,20.405216561793075,60,79.18956687641385,KAGGLE_SEED
1,Road 1,Bangalore,12.9716,77.5946,2026-09-18 10:40:01,21.91825683476271,60,76.16348633047458,KAGGLE_SEED
2,Road 2,Bangalore,12.9716,77.5946,2026-09-04 10:40:01,26.464051233116578,60,67.07189753376684,KAGGLE_SEED
2,Road 2,Bangalore,12.9716,77.5946,2026-09-04 11:40:01,36.34337577590479,60,47.313248448190414,KAGGLE_SEED
2,Road 2,Bangalore,12.9716,77.5946,2026-09-04 12:40:01,41.88314843324894,60,36.23370313350212,KAGGLE_SEED
2,Road 2,Bangalore,12.9716,77.5946,2026-09-04 13:40:01,48.99492081670292,60,22.010158366594155,KAGGLE_SEED
2,Road 2,Bangalore,12.9716,77.5946,2026-09-04 14:40:01,32.49873942230909,60,55.002521155381814,KAGGLE_SEED
2,Road 2,Bangalore,12.9716,77.5946,2026-09-04 15:40:01,37.02958809486836,60,45.94082381026328,KAGGLE_SEED
2,Road 2,Bangalore,12.9716,77.5946,2026-09-04 16:40:01,39.460867842876524,60,41.078264314246944,KAGGLE_SEED
2,Road 2,Bangalore,12.9716,77.5946,2026-09-04 17:40:01,25.17644234593991,60,69.64711530812018,KAGGLE_SEED
2,Road 2,Bangalore,12.9716,77.5946,2026-09-04 18:40:01,23.95385744040086,60,72.09228511919828,KAGGLE_SEED
2,Road 2,Bangalore,12.9716,77.5946,2026-09-04 19:40:01,21.814825302614913,60,76.37034939477017,KAGGLE_SEED
2,Road 2,Bangalore,12.9716,77.5946,2026-09-04 20:40:01,38.14489684277558,60,43.71020631444885,KAGGLE_SEED
2,Road 2,Bangalore,12.9716,77.5946,2026-09-04 21:40:01,38.11308963517057,60,43.773820729658866,KAGGLE_SEED
2,Road 2,Bangalore,12.9716,77.5946,2026-09-04 22:40:01,47.89719455033395,60,24.205610899332093,KAGGLE_SEED
2,Road 2,Bangalore,12.9716,77.5946,2026-09-04 23:40:01,52.34260760133939,60,15.314784797321224,KAGGLE_SEED
2,Road 2,Bangalore,12.9716,77.5946,2026-09-05 00:40:01,58.26425817855379,60,3.4714836428924243,KAGGLE_SEED
2,Road 2,Bangalore,12.9716,77.5946,2026-09-05 01:40:01,55.53773096070046,60,8.92453807859909,KAGGLE_SEED
2,Road 2,Bangalore,12.9716,77.5946,2026-09-05 02:40:01,57.96527265789872,60,4.069454684202548,KAGGLE_SEED
2,Road 2,Bangalore,12.9716,77.5946,2026-09-05 03:40:01,57.54617919458998,60,4.907641610820043,KAGGLE_SEED
2,Road 2,Bangalore,12.9716,77.5946,2026-09-05 04:40:01,58.099424764957625,60,3.801150470084753,KAGGLE_SEED
2,Road 2,Bangalore,12.9716,77.5946,2026-09-05 05:40:01,58.684705729833084,60,2.6305885403338265,KAGGLE_SEED
2,Road 2,Bangalore,12.9716,77.5946,2026-09-05 06:40:01,50.751122275105665,60,18.497755449788666,KAGGLE_SEED
2,Road 2,Bangalore,12.9716,77.5946,2026-09-05 07:40:01,46.66755769159616,60,26.664884616807687,KAGGLE_SEED
2,Road 2,Bangalore,12.9716,77.5946,2026-09-05 08:40:01,40.27160528965412,60,39.456789420691756,KAGGLE_SEED
2,Road 2,Bangalore,12.9716,77.5946,2026-09-05 09:40:01,35.010312122173644,60,49.979375755652704,KAGGLE_SEED
2,Road 2,Bangalore,12.9716,77.5946,2026-09-05 10:40:01,36.49797564110486,60,47.004048717790276,KAGGLE_SEED
2,Road 2,Bangalore,12.9716,77.5946,2026-09-05 11:40:01,48.79736581508999,60,22.405268369820025,KAGGLE_SEED
2,Road 2,Bangalore,12.9716,77.5946,2026-09-05 12:40:01,45.51434845998711,60,28.97130308002578,KAGGLE_SEED
2,Road 2,Bangalore,12.9716,77.5946,2026-09-05 13:40:01,47.39927235830811,60,25.20145528338378,KAGGLE_SEED
2,Road 2,Bangalore,12.9716,77.5946,2026-09-05 14:40:01,46.96623244006093,60,26.067535119878148,KAGGLE_SEED
2,Road 2,Bangalore,12.9716,77.5946,2026-09-05 15:40:01,49.08932770922977,60,21.821344581540462,KAGGLE_SEED
2,Road 2,Bangalore,12.9716,77.5946,2026-09-05 16:40:01,48.979067352040964,60,22.04186529591807,KAGGLE_SEED
2,Road 2,Bangalore,12.9716,77.5946,2026-09-05 17:40:01,35.38246402345805,60,49.2350719530839,KAGGLE_SEED
2,Road 2,Bangalore,12.9716,77.5946,2026-09-05 18:40:01,43.701193990789065,60,32.59761201842187,KAGGLE_SEED
2,Road 2,Bangalore,12.9716,77.5946,2026-09-05 19:40:01,44.20508693848291,60,31.589826123034186,KAGGLE_SEED
2,Road 2,Bangalore,12.9716,77.5946,2026-09-05 20:40:01,49.269790012904124,60,21.46041997419176,KAGGLE_SEED
2,Road 2,Bangalore,12.9716,77.5946,2026-09-05 21:40:01,52.63127305193363,60,14.737453896132736,KAGGLE_SEED
2,Road 2,Bangalore,12.9716,77.5946,2026-09-05 22:40:01,50.88419042420979,60,18.23161915158041,KAGGLE_SEED
2,Road 2,Bangalore,12.9716,77.5946,2026-09-05 23:40:01,54.727777870018315,60,10.544444259963365,KAGGLE_SEED
2,Road 2,Bangalore,12.9716,77.5946,2026-09-06 00:40:01,56.71878424716726,60,6.562431505665481,KAGGLE_SEED
2,Road 2,Bangalore,12.9716,77.5946,2026-09-06 01:40:01,57.33048870686539,60,5.3390225862692215,KAGGLE_SEED
2,Road 2,Bangalore,12.9716,77.5946,2026-09-06 02:40:01,56.11788596164269,60,7.764228076714616,KAGGLE_SEED
2,Road 2,Bangalore,12.9716,77.5946,2026-09-06 03:40:01,57.18384028023807,60,5.632319439523861,KAGGLE_SEED
2,Road 2,Bangalore,12.9716,77.5946,2026-09-06 04:40:01,58.26818063815189,60,3.4636387236962234,KAGGLE_SEED
2,Road 2,Bangalore,12.9716,77.5946,2026-09-06 05:40:01,55.32659424908538,60,9.34681150182924,KAGGLE_SEED
2,Road 2,Bangalore,12.9716,77.5946,2026-09-06 06:40:01,42.84744119913676,60,34.30511760172648,KAGGLE_SEED
2,Road 2,Bangalore,12.9716,77.5946,2026-09-06 07:40:01,48.75611118345006,60,22.487777633099885,KAGGLE_SEED
2,Road 2,Bangalore,12.9716,77.5946,2026-09-06 08:40:01,34.60602524426629,60,50.787949511467424,KAGGLE_SEED
2,Road 2,Bangalore,12.9716,77.5946,2026-09-06 09:40:01,43.634411827853434,60,32.73117634429313,KAGGLE_SEED
2,Road 2,Bangalore,12.9716,77.5946,2026-09-06 10:40:01,37.637916874072744,60,44.72416625185452,KAGGLE_SEED
2,Road 2,Bangalore,12.9716,77.5946,2026-09-06 11:40:01,45.13733920840688,60,29.725321583186243,KAGGLE_SEED
2,Road 2,Bangalore,12.9716,77.5946,2026-09-06 12:40:01,49.96104029296292,60,20.077919414074167,KAGGLE_SEED
2,Road 2,Bangalore,12.9716,77.5946,2026-09-06 13:40:01,48.634636767046985,60,22.730726465906038,KAGGLE_SEED
2,Road 2,Bangalore,12.9716,77.5946,2026-09-06 14:40:01,50.24470885028764,60,19.510582299424723,KAGGLE_SEED
2,Road 2,Bangalore,12.9716,77.5946,2026-09-06 15:40:01,44.857305612667,60,30.285388774666004,KAGGLE_SEED
2,Road 2,Bangalore,12.9716,77.5946,2026-09-06 16:40:01,47.91745994124592,60,24.165080117508154,KAGGLE_SEED
2,Road 2,Bangalore,12.9716,77.5946,2026-09-06 17:40:01,33.220091225693835,60,53.55981754861234,KAGGLE_SEED
2,Road 2,Bangalore,12.9716,77.5946,2026-09-06 18:40:01,36.07479451916852,60,47.85041096166295,KAGGLE_SEED
2,Road 2,Bangalore,12.9716,77.5946,2026-09-06 19:40:01,42.572951274188924,60,34.854097451622145,KAGGLE_SEED
2,Road 2,Bangalore,12.9716,77.5946,2026-09-06 20:40:01,51.23144362356333,60,17.53711275287334,KAGGLE_SEED
2,Road 2,Bangalore,12.9716,77.5946,2026-09-06 21:40:01,41.04365848415852,60,37.91268303168296,KAGGLE_SEED
2,Road 2,Bangalore,12.9716,77.5946,2026-09-06 22:40:01,47.97142471231295,60,24.05715057537409,KAGGLE_SEED
2,Road 2,Bangalore,12.9716,77.5946,2026-09-06 23:40:01,54.194909253217176,60,11.61018149356565,KAGGLE_SEED
2,Road 2,Bangalore,12.9716,77.5946,2026-09-07 00:40:01,51.4292306003207,60,17.1415387993586,KAGGLE_SEED
2,Road 2,Bangalore,12.9716,77.5946,2026-09-07 01:40:01,54.70622839820362,60,10.587543203592759,KAGGLE_SEED
2,Road 2,Bangalore,12.9716,77.5946,2026-09-07 02:40:01,54.36887885630294,60,11.262242287394118,KAGGLE_SEED
2,Road 2,Bangalore,12.9716,77.5946,2026-09-07 03:40:01,54.44388152961032,60,11.112236940779361,KAGGLE_SEED
2,Road 2,Bangalore,12.9716,77.5946,2026-09-07 04:40:01,52.04465615454415,60,15.910687690911704,KAGGLE_SEED
2,Road 2,Bangalore,12.9716,77.5946,2026-09-07 05:40:01,54.92328131438288,60,10.153437371234238,KAGGLE_SEED
2,Road 2,Bangalore,12.9716,77.5946,2026-09-07 06:40:01,46.225236230079986,60,27.54952753984003,KAGGLE_SEED
2,Road 2,Bangalore,12.9716,77.5946,2026-09-07 07:40:01,37.26990480542899,60,45.460190389142014,KAGGLE_SEED
2,Road 2,Bangalore,12.9716,77.5946,2026-09-07 08:40:01,25.16830264667628,60,69.66339470664744,KAGGLE_SEED
2,Road 2,Bangalore,12.9716,77.5946,2026-09-07 09:40:01,19.77878644093277,60,80.44242711813446,KAGGLE_SEED
2,Road 2,Bangalore,12.9716,77.5946,2026-09-07 10:40:01,30.113503443680663,60,59.77299311263867,KAGGLE_SEED
2,Road 2,Bangalore,12.9716,77.5946,2026-09-07 11:40:01,37.50370601020498,60,44.99258797959004,KAGGLE_SEED
2,Road 2,Bangalore,12.9716,77.5946,2026-09-07 12:40:01,46.81456682903618,60,26.37086634192763,KAGGLE_SEED
2,Road 2,Bangalore,12.9716,77.5946,2026-09-07 13:40:01,40.322706076772135,60,39.35458784645573,KAGGLE_SEED
2,Road 2,Bangalore,12.9716,77.5946,2026-09-07 14:40:01,46.87530306601283,60,26.24939386797434,KAGGLE_SEED
2,Road 2,Bangalore,12.9716,77.5946,2026-09-07 15:40:01,41.66134052189728,60,36.67731895620544,KAGGLE_SEED
2,Road 2,Bangalore,12.9716,77.5946,2026-09-07 16:40:01,38.628032532713725,60,42.74393493457255,KAGGLE_SEED
2,Road 2,Bangalore,12.9716,77.5946,2026-09-07 17:40:01,22.159049135778695,60,75.68190172844261,KAGGLE_SEED
2,Road 2,Bangalore,12.9716,77.5946,2026-09-07 18:40:01,34.322778842680385,60,51.35444231463923,KAGGLE_SEED
2,Road 2,Bangalore,12.9716,77.5946,2026-09-07 19:40:01,18.804790508000252,60,82.3904189839995,KAGGLE_SEED
2,Road 2,Bangalore,12.9716,77.5946,2026-09-07 20:40:01,44.10103343361402,60,31.79793313277196,KAGGLE_SEED
2,Road 2,Bangalore,12.9716,77.5946,2026-09-07 21:40:01,28.85960612684532,60,62.28078774630936,KAGGLE_SEED
2,Road 2,Bangalore,12.9716,77.5946,2026-09-07 22:40:01,42.71066963404976,60,34.578660731900484,KAGGLE_SEED
2,Road 2,Bangalore,12.9716,77.5946,2026-09-07 23:40:01,58.797309715604115,60,2.405380568791764,KAGGLE_SEED
2,Road 2,Bangalore,12.9716,77.5946,2026-09-08 00:40:01,56.24999433779754,60,7.500011324404926,KAGGLE_SEED
2,Road 2,Bangalore,12.9716,77.5946,2026-09-08 01:40:01,52.74238052539775,60,14.515238949204505,KAGGLE_SEED
2,Road 2,Bangalore,12.9716,77.5946,2026-09-08 02:40:01,56.70013342147522,60,6.599733157049556,KAGGLE_SEED
2,Road 2,Bangalore,12.9716,77.5946,2026-09-08 03:40:01,56.78526167029746,60,6.4294766594050845,KAGGLE_SEED
2,Road 2,Bangalore,12.9716,77.5946,2026-09-08 04:40:01,54.956100668143144,60,10.087798663713716,KAGGLE_SEED
2,Road 2,Bangalore,12.9716,77.5946,2026-09-08 05:40:01,54.00641872681299,60,11.987162546374027,KAGGLE_SEED
2,Road 2,Bangalore,12.9716,77.5946,2026-09-08 06:40:01,51.88419055955467,60,16.23161888089067,KAGGLE_SEED
2,Road 2,Bangalore,12.9716,77.5946,2026-09-08 07:40:01,40.84356154406113,60,38.31287691187773,KAGGLE_SEED
2,Road 2,Bangalore,12.9716,77.5946,2026-09-08 08:40:01,13.128136525005218,60,93.74372694998956,KAGGLE_SEED
2,Road 2,Bangalore,12.9716,77.5946,2026-09-08 09:40:01,24.309010541956106,60,71.38197891608779,KAGGLE_SEED
2,Road 2,Bangalore,12.9716,77.5946,2026-09-08 10:40:01,31.314416930828465,60,57.37116613834307,KAGGLE_SEED
2,Road 2,Bangalore,12.9716,77.5946,2026-09-08 11:40:01,32.00602812730697,60,55.98794374538606,KAGGLE_SEED
2,Road 2,Bangalore,12.9716,77.5946,2026-09-08 12:40:01,41.671599429859214,60,36.65680114028157,KAGGLE_SEED
2,Road 2,Bangalore,12.9716,77.5946,2026-09-08 13:40:01,45.08850305045958,60,29.822993899080842,KAGGLE_SEED
2,Road 2,Bangalore,12.9716,77.5946,2026-09-08 14:40:01,41.092759663655094,60,37.81448067268981,KAGGLE_SEED
2,Road 2,Bangalore,12.9716,77.5946,2026-09-08 15:40:01,37.81621875213779,60,44.367562495724414,KAGGLE_SEED
2,Road 2,Bangalore,12.9716,77.5946,2026-09-08 16:40:01,47.45337761370943,60,25.093244772581144,KAGGLE_SEED
2,Road 2,Bangalore,12.9716,77.5946,2026-09-08 17:40:01,23.87837090273848,60,72.24325819452304,KAGGLE_SEED
2,Road 2,Bangalore,12.9716,77.5946,2026-09-08 18:40:01,18.135904186591688,60,83.72819162681662,KAGGLE_SEED
2,Road 2,Bangalore,12.9716,77.5946,2026-09-08 19:40:01,25.460679561220616,60,69.07864087755877,KAGGLE_SEED
2,Road 2,Bangalore,12.9716,77.5946,2026-09-08 20:40:01,38.45997931719633,60,43.08004136560735,KAGGLE_SEED
2,Road 2,Bangalore,12.9716,77.5946,2026-09-08 21:40:01,36.58740698805362,60,46.825186023892755,KAGGLE_SEED
2,Road 2,Bangalore,12.9716,77.5946,2026-09-08 22:40:01,32.45693975781176,60,55.08612048437648,KAGGLE_SEED
2,Road 2,Bangalore,12.9716,77.5946,2026-09-08 23:40:01,55.51686908455625,60,8.966261830887506,KAGGLE_SEED
2,Road 2,Bangalore,12.9716,77.5946,2026-09-09 00:40:01,55.810349678157095,60,8.379300643685806,KAGGLE_SEED
2,Road 2,Bangalore,12.9716,77.5946,2026-09-09 01:40:01,56.26690426585379,60,7.466191468292426,KAGGLE_SEED
2,Road 2,Bangalore,12.9716,77.5946,2026-09-09 02:40:01,57.94767341155266,60,4.104653176894683,KAGGLE_SEED
2,Road 2,Bangalore,12.9716,77.5946,2026-09-09 03:40:01,55.91672841513499,60,8.166543169730025,KAGGLE_SEED
2,Road 2,Bangalore,12.9716,77.5946,2026-09-09 04:40:01,57.94577698769956,60,4.108446024600884,KAGGLE_SEED
2,Road 2,Bangalore,12.9716,77.5946,2026-09-09 05:40:01,54.3765370886295,60,11.246925822741003,KAGGLE_SEED
2,Road 2,Bangalore,12.9716,77.5946,2026-09-09 06:40:01,37.885136948890164,60,44.229726102219665,KAGGLE_SEED
2,Road 2,Bangalore,12.9716,77.5946,2026-09-09 07:40:01,49.303120574580284,60,21.393758850839433,KAGGLE_SEED
2,Road 2,Bangalore,12.9716,77.5946,2026-09-09 08:40:01,28.51824031576688,60,62.96351936846624,KAGGLE_SEED
2,Road 2,Bangalore,12.9716,77.5946,2026-09-09 09:40:01,23.9941845168359,60,72.0116309663282,KAGGLE_SEED
2,Road 2,Bangalore,12.9716,77.5946,2026-09-09 10:40:01,27.653118030524816,60,64.69376393895037,KAGGLE_SEED
2,Road 2,Bangalore,12.9716,77.5946,2026-09-09 11:40:01,38.95771694657108,60,42.084566106857835,KAGGLE_SEED
2,Road 2,Bangalore,12.9716,77.5946,2026-09-09 12:40:01,41.108200419661024,60,37.78359916067795,KAGGLE_SEED
2,Road 2,Bangalore,12.9716,77.5946,2026-09-09 13:40:01,36.58287960278918,60,46.834240794421646,KAGGLE_SEED
2,Road 2,Bangalore,12.9716,77.5946,2026-09-09 14:40:01,35.598333284419915,60,48.80333343116017,KAGGLE_SEED
2,Road 2,Bangalore,12.9716,77.5946,2026-09-09 15:40:01,38.57926345360185,60,42.841473092796306,KAGGLE_SEED
2,Road 2,Bangalore,12.9716,77.5946,2026-09-09 16:40:01,37.924994182097734,60,44.150011635804525,KAGGLE_SEED
2,Road 2,Bangalore,12.9716,77.5946,2026-09-09 17:40:01,22.51793819057476,60,74.96412361885048,KAGGLE_SEED
2,Road 2,Bangalore,12.9716,77.5946,2026-09-09 18:40:01,26.680188395070488,60,66.63962320985902,KAGGLE_SEED
2,Road 2,Bangalore,12.9716,77.5946,2026-09-09 19:40:01,19.668579895784653,60,80.6628402084307,KAGGLE_SEED
2,Road 2,Bangalore,12.9716,77.5946,2026-09-09 20:40:01,42.800434278690965,60,34.39913144261807,KAGGLE_SEED
2,Road 2,Bangalore,12.9716,77.5946,2026-09-09 21:40:01,40.2437023902802,60,39.5125952194396,KAGGLE_SEED
2,Road 2,Bangalore,12.9716,77.5946,2026-09-09 22:40:01,26.671119826189802,60,66.6577603476204,KAGGLE_SEED
2,Road 2,Bangalore,12.9716,77.5946,2026-09-09 23:40:01,52.514209588746496,60,14.971580822507013,KAGGLE_SEED
2,Road 2,Bangalore,12.9716,77.5946,2026-09-10 00:40:01,58.87057592910598,60,2.258848141788029,KAGGLE_SEED
2,Road 2,Bangalore,12.9716,77.5946,2026-09-10 01:40:01,58.05291277414393,60,3.8941744517121455,KAGGLE_SEED
2,Road 2,Bangalore,12.9716,77.5946,2026-09-10 02:40:01,54.90899061906596,60,10.182018761868086,KAGGLE_SEED
2,Road 2,Bangalore,12.9716,77.5946,2026-09-10 03:40:01,60.0,60,0,KAGGLE_SEED
2,Road 2,Bangalore,12.9716,77.5946,2026-09-10 04:40:01,56.52255020737903,60,6.954899585241954,KAGGLE_SEED
2,Road 2,Bangalore,12.9716,77.5946,2026-09-10 05:40:01,57.16041587923145,60,5.679168241537099,KAGGLE_SEED
2,Road 2,Bangalore,12.9716,77.5946,2026-09-10 06:40:01,43.794106569761105,60,32.41178686047779,KAGGLE_SEED
2,Road 2,Bangalore,12.9716,77.5946,2026-09-10 07:40:01,33.63663951201222,60,52.72672097597556,KAGGLE_SEED
2,Road 2,Bangalore,12.9716,77.5946,2026-09-10 08:40:01,29.130376397231604,60,61.73924720553679,KAGGLE_SEED
2,Road 2,Bangalore,12.9716,77.5946,2026-09-10 09:40:01,29.349594290407932,60,61.300811419184136,KAGGLE_SEED
2,Road 2,Bangalore,12.9716,77.5946,2026-09-10 10:40:01,20.13304827366472,60,79.73390345267056,KAGGLE_SEED
2,Road 2,Bangalore,12.9716,77.5946,2026-09-10 11:40:01,42.515766911358426,60,34.96846617728315,KAGGLE_SEED
2,Road 2,Bangalore,12.9716,77.5946,2026-09-10 12:40:01,33.55566652929879,60,52.88866694140241,KAGGLE_SEED
2,Road 2,Bangalore,12.9716,77.5946,2026-09-10 13:40:01,28.57900042555026,60,62.84199914889948,KAGGLE_SEED
2,Road 2,Bangalore,12.9716,77.5946,2026-09-10 14:40:01,37.900959327967655,60,44.19808134406468,KAGGLE_SEED
2,Road 2,Bangalore,12.9716,77.5946,2026-09-10 15:40:01,35.026371337283024,60,49.947257325433945,KAGGLE_SEED
2,Road 2,Bangalore,12.9716,77.5946,2026-09-10 16:40:01,50.90264206535617,60,18.194715869287666,KAGGLE_SEED
2,Road 2,Bangalore,12.9716,77.5946,2026-09-10 17:40:01,30.901454246823654,60,58.19709150635269,KAGGLE_SEED
2,Road 2,Bangalore,12.9716,77.5946,2026-09-10 18:40:01,27.485841201184705,60,65.02831759763059,KAGGLE_SEED
2,Road 2,Bangalore,12.9716,77.5946,2026-09-10 19:40:01,22.683032712589963,60,74.63393457482007,KAGGLE_SEED
2,Road 2,Bangalore,12.9716,77.5946,2026-09-10 20:40:01,46.60097373885261,60,26.798052522294782,KAGGLE_SEED
2,Road 2,Bangalore,12.9716,77.5946,2026-09-10 21:40:01,41.048133255903146,60,37.90373348819371,KAGGLE_SEED
2,Road 2,Bangalore,12.9716,77.5946,2026-09-10 22:40:01,45.814740884804934,60,28.37051823039014,KAGGLE_SEED
2,Road 2,Bangalore,12.9716,77.5946,2026-09-10 23:40:01,57.58616795202706,60,4.827664095945875,KAGGLE_SEED
2,Road 2,Bangalore,12.9716,77.5946,2026-09-11 00:40:01,54.03697182531967,60,11.926056349360666,KAGGLE_SEED
2,Road 2,Bangalore,12.9716,77.5946,2026-09-11 01:40:01,54.13708484615748,60,11.725830307685051,KAGGLE_SEED
2,Road 2,Bangalore,12.9716,77.5946,2026-09-11 02:40:01,52.75830999045055,60,14.483380019098904,KAGGLE_SEED
2,Road 2,Bangalore,12.9716,77.5946,2026-09-11 03:40:01,57.00147579178736,60,5.99704841642529,KAGGLE_SEED
2,Road 2,Bangalore,12.9716,77.5946,2026-09-11 04:40:01,53.44243877088462,60,13.115122458230761,KAGGLE_SEED
2,Road 2,Bangalore,12.9716,77.5946,2026-09-11 05:40:01,53.8212173717939,60,12.357565256412197,KAGGLE_SEED
2,Road 2,Bangalore,12.9716,77.5946,2026-09-11 06:40:01,37.59024289736311,60,44.81951420527378,KAGGLE_SEED
2,Road 2,Bangalore,12.9716,77.5946,2026-09-11 07:40:01,48.30538600443409,60,23.389227991131815,KAGGLE_SEED
2,Road 2,Bangalore,12.9716,77.5946,2026-09-11 08:40:01,30.0254715719829,60,59.9490568560342,KAGGLE_SEED
2,Road 2,Bangalore,12.9716,77.5946,2026-09-11 09:40:01,17.535840694138145,60,84.92831861172371,KAGGLE_SEED
2,Road 2,Bangalore,12.9716,77.5946,2026-09-11 10:40:01,22.440855717316182,60,75.11828856536764,KAGGLE_SEED
2,Road 2,Bangalore,12.9716,77.5946,2026-09-11 11:40:01,32.004194143723716,60,55.99161171255257,KAGGLE_SEED
2,Road 2,Bangalore,12.9716,77.5946,2026-09-11 12:40:01,45.303464452505125,60,29.393071094989757,KAGGLE_SEED
2,Road 2,Bangalore,12.9716,77.5946,2026-09-11 13:40:01,42.853457850773495,60,34.29308429845301,KAGGLE_SEED
2,Road 2,Bangalore,12.9716,77.5946,2026-09-11 14:40:01,37.1221959617117,60,45.75560807657661,KAGGLE_SEED
2,Road 2,Bangalore,12.9716,77.5946,2026-09-11 15:40:01,41.98758588128483,60,36.02482823743034,KAGGLE_SEED
2,Road 2,Bangalore,12.9716,77.5946,2026-09-11 16:40:01,44.82235387502243,60,30.35529224995514,KAGGLE_SEED
2,Road 2,Bangalore,12.9716,77.5946,2026-09-11 17:40:01,18.64529886676035,60,82.7094022664793,KAGGLE_SEED
2,Road 2,Bangalore,12.9716,77.5946,2026-09-11 18:40:01,31.064541333089245,60,57.87091733382151,KAGGLE_SEED
2,Road 2,Bangalore,12.9716,77.5946,2026-09-11 19:40:01,27.210031777941488,60,65.57993644411702,KAGGLE_SEED
2,Road 2,Bangalore,12.9716,77.5946,2026-09-11 20:40:01,41.1382189607306,60,37.72356207853881,KAGGLE_SEED
2,Road 2,Bangalore,12.9716,77.5946,2026-09-11 21:40:01,40.35782309282091,60,39.28435381435818,KAGGLE_SEED
2,Road 2,Bangalore,12.9716,77.5946,2026-09-11 22:40:01,36.59859965277917,60,46.80280069444166,KAGGLE_SEED
2,Road 2,Bangalore,12.9716,77.5946,2026-09-11 23:40:01,55.31574892772523,60,9.368502144549538,KAGGLE_SEED
2,Road 2,Bangalore,12.9716,77.5946,2026-09-12 00:40:01,58.69044570581521,60,2.619108588369587,KAGGLE_SEED
2,Road 2,Bangalore,12.9716,77.5946,2026-09-12 01:40:01,57.84774397445416,60,4.304512051091681,KAGGLE_SEED
2,Road 2,Bangalore,12.9716,77.5946,2026-09-12 02:40:01,58.97288395103182,60,2.054232097936358,KAGGLE_SEED
2,Road 2,Bangalore,12.9716,77.5946,2026-09-12 03:40:01,58.75248546849414,60,2.495029063011716,KAGGLE_SEED
2,Road 2,Bangalore,12.9716,77.5946,2026-09-12 04:40:01,60.0,60,0,KAGGLE_SEED
2,Road 2,Bangalore,12.9716,77.5946,2026-09-12 05:40:01,57.92984339384932,60,4.14031321230137,KAGGLE_SEED
2,Road 2,Bangalore,12.9716,77.5946,2026-09-12 06:40:01,48.155216488529064,60,23.689567022941876,KAGGLE_SEED
2,Road 2,Bangalore,12.9716,77.5946,2026-09-12 07:40:01,46.05891746301469,60,27.882165073970622,KAGGLE_SEED
2,Road 2,Bangalore,12.9716,77.5946,2026-09-12 08:40:01,36.8682907061915,60,46.26341858761699,KAGGLE_SEED
2,Road 2,Bangalore,12.9716,77.5946,2026-09-12 09:40:01,43.47102942755607,60,33.05794114488786,KAGGLE_SEED
2,Road 2,Bangalore,12.9716,77.5946,2026-09-12 10:40:01,42.62406660961955,60,34.75186678076091,KAGGLE_SEED
2,Road 2,Bangalore,12.9716,77.5946,2026-09-12 11:40:01,46.649688239792894,60,26.70062352041422,KAGGLE_SEED
2,Road 2,Bangalore,12.9716,77.5946,2026-09-12 12:40:01,51.79640120902006,60,16.40719758195987,KAGGLE_SEED
2,Road 2,Bangalore,12.9716,77.5946,2026-09-12 13:40:01,51.28649993913313,60,17.42700012173374,KAGGLE_SEED
2,Road 2,Bangalore,12.9716,77.5946,2026-09-12 14:40:01,49.90567780468499,60,20.188644390630017,KAGGLE_SEED
2,Road 2,Bangalore,12.9716,77.5946,2026-09-12 15:40:01,42.11243038606225,60,35.7751392278755,KAGGLE_SEED
2,Road 2,Bangalore,12.9716,77.5946,2026-09-12 16:40:01,43.692316104292956,60,32.61536779141408,KAGGLE_SEED
2,Road 2,Bangalore,12.9716,77.5946,2026-09-12 17:40:01,42.215201810566846,60,35.56959637886631,KAGGLE_SEED
2,Road 2,Bangalore,12.9716,77.5946,2026-09-12 18:40:01,41.0354522863401,60,37.9290954273198,KAGGLE_SEED
2,Road 2,Bangalore,12.9716,77.5946,2026-09-12 19:40:01,40.33650404597262,60,39.32699190805477,KAGGLE_SEED
2,Road 2,Bangalore,12.9716,77.5946,2026-09-12 20:40:01,42.36197084887826,60,35.27605830224348,KAGGLE_SEED
2,Road 2,Bangalore,12.9716,77.5946,2026-09-12 21:40:01,48.520441708602974,60,22.95911658279406,KAGGLE_SEED
2,Road 2,Bangalore,12.9716,77.5946,2026-09-12 22:40:01,50.70882823666508,60,18.582343526669845,KAGGLE_SEED
2,Road 2,Bangalore,12.9716,77.5946,2026-09-12 23:40:01,54.99714715655002,60,10.005705686899953,KAGGLE_SEED
2,Road 2,Bangalore,12.9716,77.5946,2026-09-13 00:40:01,54.7136080321857,60,10.57278393562861,KAGGLE_SEED
2,Road 2,Bangalore,12.9716,77.5946,2026-09-13 01:40:01,55.25093362014511,60,9.498132759709776,KAGGLE_SEED
2,Road 2,Bangalore,12.9716,77.5946,2026-09-13 02:40:01,60.0,60,0,KAGGLE_SEED
2,Road 2,Bangalore,12.9716,77.5946,2026-09-13 03:40:01,57.597593906509104,60,4.804812186981793,KAGGLE_SEED
2,Road 2,Bangalore,12.9716,77.5946,2026-09-13 04:40:01,55.61711471542484,60,8.765770569150321,KAGGLE_SEED
2,Road 2,Bangalore,12.9716,77.5946,2026-09-13 05:40:01,56.836249894262465,60,6.327500211475064,KAGGLE_SEED
2,Road 2,Bangalore,12.9716,77.5946,2026-09-13 06:40:01,44.436117993961176,60,31.127764012077655,KAGGLE_SEED
2,Road 2,Bangalore,12.9716,77.5946,2026-09-13 07:40:01,50.99074683162476,60,18.018506336750477,KAGGLE_SEED
2,Road 2,Bangalore,12.9716,77.5946,2026-09-13 08:40:01,37.791505909088166,60,44.41698818182367,KAGGLE_SEED
2,Road 2,Bangalore,12.9716,77.5946,2026-09-13 09:40:01,37.90661530049101,60,44.186769399017976,KAGGLE_SEED
2,Road 2,Bangalore,12.9716,77.5946,2026-09-13 10:40:01,49.60874258498253,60,20.782514830034945,KAGGLE_SEED
2,Road 2,Bangalore,12.9716,77.5946,2026-09-13 11:40:01,50.72197198522822,60,18.556056029543548,KAGGLE_SEED
2,Road 2,Bangalore,12.9716,77.5946,2026-09-13 12:40:01,47.447277893372544,60,25.105444213254916,KAGGLE_SEED
2,Road 2,Bangalore,12.9716,77.5946,2026-09-13 13:40:01,45.10881597544275,60,29.782368049114492,KAGGLE_SEED
2,Road 2,Bangalore,12.9716,77.5946,2026-09-13 14:40:01,47.863430511232494,60,24.273138977535016,KAGGLE_SEED
2,Road 2,Bangalore,12.9716,77.5946,2026-09-13 15:40:01,46.64920640962481,60,26.701587180750384,KAGGLE_SEED
2,Road 2,Bangalore,12.9716,77.5946,2026-09-13 16:40:01,48.24653327050095,60,23.5069334589981,KAGGLE_SEED
2,Road 2,Bangalore,12.9716,77.5946,2026-09-13 17:40:01,40.67674049253846,60,38.64651901492308,KAGGLE_SEED
2,Road 2,Bangalore,12.9716,77.5946,2026-09-13 18:40:01,42.86850871815399,60,34.26298256369202,KAGGLE_SEED
2,Road 2,Bangalore,12.9716,77.5946,2026-09-13 19:40:01,34.773511462345695,60,50.45297707530862,KAGGLE_SEED
2,Road 2,Bangalore,12.9716,77.5946,2026-09-13 20:40:01,49.6068932823311,60,20.786213435337793,KAGGLE_SEED
2,Road 2,Bangalore,12.9716,77.5946,2026-09-13 21:40:01,47.96664921303052,60,24.066701573938957,KAGGLE_SEED
2,Road 2,Bangalore,12.9716,77.5946,2026-09-13 22:40:01,48.11333094720754,60,23.773338105584923,KAGGLE_SEED
2,Road 2,Bangalore,12.9716,77.5946,2026-09-13 23:40:01,59.522492385096456,60,0.955015229807087,KAGGLE_SEED
2,Road 2,Bangalore,12.9716,77.5946,2026-09-14 00:40:01,57.05912589139606,60,5.881748217207888,KAGGLE_SEED
2,Road 2,Bangalore,12.9716,77.5946,2026-09-14 01:40:01,51.7724822546993,60,16.455035490601404,KAGGLE_SEED
2,Road 2,Bangalore,12.9716,77.5946,2026-09-14 02:40:01,52.7956148645555,60,14.408770270888986,KAGGLE_SEED
2,Road 2,Bangalore,12.9716,77.5946,2026-09-14 03:40:01,52.63183302115141,60,14.736333957697187,KAGGLE_SEED
2,Road 2,Bangalore,12.9716,77.5946,2026-09-14 04:40:01,52.91958349813878,60,14.160833003722438,KAGGLE_SEED
2,Road 2,Bangalore,12.9716,77.5946,2026-09-14 05:40:01,53.34548088432679,60,13.309038231346419,KAGGLE_SEED
2,Road 2,Bangalore,12.9716,77.5946,2026-09-14 06:40:01,45.527426040467816,60,28.94514791906436,KAGGLE_SEED
2,Road 2,Bangalore,12.9716,77.5946,2026-09-14 07:40:01,37.71083865196664,60,44.57832269606673,KAGGLE_SEED
2,Road 2,Bangalore,12.9716,77.5946,2026-09-14 08:40:01,26.54280858672694,60,66.91438282654612,KAGGLE_SEED
2,Road 2,Bangalore,12.9716,77.5946,2026-09-14 09:40:01,19.186151553165594,60,81.62769689366881,KAGGLE_SEED
2,Road 2,Bangalore,12.9716,77.5946,2026-09-14 10:40:01,30.12982298800147,60,59.74035402399706,KAGGLE_SEED
2,Road 2,Bangalore,12.9716,77.5946,2026-09-14 11:40:01,37.95964381410329,60,44.080712371793425,KAGGLE_SEED
2,Road 2,Bangalore,12.9716,77.5946,2026-09-14 12:40:01,43.9896473143224,60,32.02070537135521,KAGGLE_SEED
2,Road 2,Bangalore,12.9716,77.5946,2026-09-14 13:40:01,36.18198520992058,60,47.636029580158834,KAGGLE_SEED
2,Road 2,Bangalore,12.9716,77.5946,2026-09-14 14:40:01,39.333166342279995,60,41.33366731544002,KAGGLE_SEED
2,Road 2,Bangalore,12.9716,77.5946,2026-09-14 15:40:01,40.10028401167358,60,39.79943197665284,KAGGLE_SEED
2,Road 2,Bangalore,12.9716,77.5946,2026-09-14 16:40:01,40.04079059791255,60,39.9184188041749,KAGGLE_SEED
2,Road 2,Bangalore,12.9716,77.5946,2026-09-14 17:40:01,20.44405149159258,60,79.11189701681484,KAGGLE_SEED
2,Road 2,Bangalore,12.9716,77.5946,2026-09-14 18:40:01,27.02954614255021,60,65.94090771489958,KAGGLE_SEED
2,Road 2,Bangalore,12.9716,77.5946,2026-09-14 19:40:01,29.88754041697954,60,60.22491916604092,KAGGLE_SEED
2,Road 2,Bangalore,12.9716,77.5946,2026-09-14 20:40:01,40.82116018282433,60,38.35767963435135,KAGGLE_SEED
2,Road 2,Bangalore,12.9716,77.5946,2026-09-14 21:40:01,44.646903759305815,60,30.706192481388364,KAGGLE_SEED
2,Road 2,Bangalore,12.9716,77.5946,2026-09-14 22:40:01,35.353256929881255,60,49.2934861402375,KAGGLE_SEED
2,Road 2,Bangalore,12.9716,77.5946,2026-09-14 23:40:01,53.06595322539155,60,13.868093549216896,KAGGLE_SEED
2,Road 2,Bangalore,12.9716,77.5946,2026-09-15 00:40:01,49.190742079408125,60,21.618515841183743,KAGGLE_SEED
2,Road 2,Bangalore,12.9716,77.5946,2026-09-15 01:40:01,59.77327825592917,60,0.45344348814166224,KAGGLE_SEED
2,Road 2,Bangalore,12.9716,77.5946,2026-09-15 02:40:01,55.093740108196364,60,9.812519783607268,KAGGLE_SEED
2,Road 2,Bangalore,12.9716,77.5946,2026-09-15 03:40:01,54.96201778116881,60,10.075964437662371,KAGGLE_SEED
2,Road 2,Bangalore,12.9716,77.5946,2026-09-15 04:40:01,59.87126584547033,60,0.25746830905933926,KAGGLE_SEED
2,Road 2,Bangalore,12.9716,77.5946,2026-09-15 05:40:01,57.80366154861378,60,4.39267690277244,KAGGLE_SEED
2,Road 2,Bangalore,12.9716,77.5946,2026-09-15 06:40:01,43.965334972656834,60,32.06933005468633,KAGGLE_SEED
2,Road 2,Bangalore,12.9716,77.5946,2026-09-15 07:40:01,44.83834313747604,60,30.323313725047925,KAGGLE_SEED
2,Road 2,Bangalore,12.9716,77.5946,2026-09-15 08:40:01,28.014959128730652,60,63.970081742538696,KAGGLE_SEED
2,Road 2,Bangalore,12.9716,77.5946,2026-09-15 09:40:01,30.394599629490138,60,59.210800741019725,KAGGLE_SEED
2,Road 2,Bangalore,12.9716,77.5946,2026-09-15 10:40:01,18.855575993551966,60,82.28884801289607,KAGGLE_SEED
2,Road 2,Bangalore,12.9716,77.5946,2026-09-15 11:40:01,40.22893844893595,60,39.5421231021281,KAGGLE_SEED
2,Road 2,Bangalore,12.9716,77.5946,2026-09-15 12:40:01,37.989111416454044,60,44.02177716709191,KAGGLE_SEED
2,Road 2,Bangalore,12.9716,77.5946,2026-09-15 13:40:01,42.83195061867063,60,34.336098762658736,KAGGLE_SEED
2,Road 2,Bangalore,12.9716,77.5946,2026-09-15 14:40:01,47.65777502424995,60,24.684449951500103,KAGGLE_SEED
2,Road 2,Bangalore,12.9716,77.5946,2026-09-15 15:40:01,44.82396219778136,60,30.352075604437278,KAGGLE_SEED
2,Road 2,Bangalore,12.9716,77.5946,2026-09-15 16:40:01,33.37378992180616,60,53.252420156387686,KAGGLE_SEED
2,Road 2,Bangalore,12.9716,77.5946,2026-09-15 17:40:01,28.597760939340795,60,62.80447812131841,KAGGLE_SEED
2,Road 2,Bangalore,12.9716,77.5946,2026-09-15 18:40:01,36.43097504892572,60,47.13804990214856,KAGGLE_SEED
2,Road 2,Bangalore,12.9716,77.5946,2026-09-15 19:40:01,17.134883287160307,60,85.73023342567939,KAGGLE_SEED
2,Road 2,Bangalore,12.9716,77.5946,2026-09-15 20:40:01,41.27919512014708,60,37.44160975970584,KAGGLE_SEED
2,Road 2,Bangalore,12.9716,77.5946,2026-09-15 21:40:01,40.587724328433566,60,38.82455134313286,KAGGLE_SEED
2,Road 2,Bangalore,12.9716,77.5946,2026-09-15 22:40:01,47.34496399880628,60,25.310072002387436,KAGGLE_SEED
2,Road 2,Bangalore,12.9716,77.5946,2026-09-15 23:40:01,55.24783945431987,60,9.504321091360248,KAGGLE_SEED
2,Road 2,Bangalore,12.9716,77.5946,2026-09-16 00:40:01,55.3680780831077,60,9.263843833784605,KAGGLE_SEED
2,Road 2,Bangalore,12.9716,77.5946,2026-09-16 01:40:01,49.37275676321852,60,21.254486473562956,KAGGLE_SEED
2,Road 2,Bangalore,12.9716,77.5946,2026-09-16 02:40:01,56.292015605553686,60,7.415968788892634,KAGGLE_SEED
2,Road 2,Bangalore,12.9716,77.5946,2026-09-16 03:40:01,58.50542814608437,60,2.9891437078312677,KAGGLE_SEED
2,Road 2,Bangalore,12.9716,77.5946,2026-09-16 04:40:01,54.451900100110045,60,11.096199799779914,KAGGLE_SEED
2,Road 2,Bangalore,12.9716,77.5946,2026-09-16 05:40:01,53.83384576669969,60,12.332308466600619,KAGGLE_SEED
2,Road 2,Bangalore,12.9716,77.5946,2026-09-16 06:40:01,36.415942457641265,60,47.16811508471747,KAGGLE_SEED
2,Road 2,Bangalore,12.9716,77.5946,2026-09-16 07:40:01,39.88599531404729,60,40.22800937190542,KAGGLE_SEED
2,Road 2,Bangalore,12.9716,77.5946,2026-09-16 08:40:01,27.375199843100305,60,65.24960031379939,KAGGLE_SEED
2,Road 2,Bangalore,12.9716,77.5946,2026-09-16 09:40:01,27.016295623078335,60,65.96740875384333,KAGGLE_SEED
2,Road 2,Bangalore,12.9716,77.5946,2026-09-16 10:40:01,23.233524468848266,60,73.53295106230347,KAGGLE_SEED
2,Road 2,Bangalore,12.9716,77.5946,2026-09-16 11:40:01,40.359727976239604,60,39.28054404752079,KAGGLE_SEED
2,Road 2,Bangalore,12.9716,77.5946,2026-09-16 12:40:01,41.23813888997006,60,37.52372222005989,KAGGLE_SEED
2,Road 2,Bangalore,12.9716,77.5946,2026-09-16 13:40:01,44.413281751547615,60,31.173436496904777,KAGGLE_SEED
2,Road 2,Bangalore,12.9716,77.5946,2026-09-16 14:40:01,39.938501552598666,60,40.12299689480266,KAGGLE_SEED
2,Road 2,Bangalore,12.9716,77.5946,2026-09-16 15:40:01,45.15756856617198,60,29.684862867656033,KAGGLE_SEED
2,Road 2,Bangalore,12.9716,77.5946,2026-09-16 16:40:01,39.48831050608341,60,41.023378987833176,KAGGLE_SEED
2,Road 2,Bangalore,12.9716,77.5946,2026-09-16 17:40:01,14.784683460978151,60,90.4306330780437,KAGGLE_SEED
2,Road 2,Bangalore,12.9716,77.5946,2026-09-16 18:40:01,27.99226623926706,60,64.01546752146588,KAGGLE_SEED
2,Road 2,Bangalore,12.9716,77.5946,2026-09-16 19:40:01,28.335012559089165,60,63.32997488182167,KAGGLE_SEED
2,Road 2,Bangalore,12.9716,77.5946,2026-09-16 20:40:01,42.96424698033758,60,34.07150603932485,KAGGLE_SEED
2,Road 2,Bangalore,12.9716,77.5946,2026-09-16 21:40:01,34.051118048406934,60,51.897763903186124,KAGGLE_SEED
2,Road 2,Bangalore,12.9716,77.5946,2026-09-16 22:40:01,24.251740554144625,60,71.49651889171075,KAGGLE_SEED
2,Road 2,Bangalore,12.9716,77.5946,2026-09-16 23:40:01,53.539469022539976,60,12.921061954920043,KAGGLE_SEED
2,Road 2,Bangalore,12.9716,77.5946,2026-09-17 00:40:01,57.19134212995056,60,5.617315740098875,KAGGLE_SEED
2,Road 2,Bangalore,12.9716,77.5946,2026-09-17 01:40:01,55.28959241755621,60,9.420815164887593,KAGGLE_SEED
2,Road 2,Bangalore,12.9716,77.5946,2026-09-17 02:40:01,57.81437517553822,60,4.371249648923566,KAGGLE_SEED
2,Road 2,Bangalore,12.9716,77.5946,2026-09-17 03:40:01,55.21839951534139,60,9.563200969317222,KAGGLE_SEED
2,Road 2,Bangalore,12.9716,77.5946,2026-09-17 04:40:01,54.07293880896337,60,11.854122382073264,KAGGLE_SEED
2,Road 2,Bangalore,12.9716,77.5946,2026-09-17 05:40:01,52.085511411436734,60,15.828977177126529,KAGGLE_SEED
2,Road 2,Bangalore,12.9716,77.5946,2026-09-17 06:40:01,42.36183865926867,60,35.27632268146265,KAGGLE_SEED
2,Road 2,Bangalore,12.9716,77.5946,2026-09-17 07:40:01,38.41456351408942,60,43.17087297182115,KAGGLE_SEED
2,Road 2,Bangalore,12.9716,77.5946,2026-09-17 08:40:01,19.07391938077921,60,81.85216123844158,KAGGLE_SEED
2,Road 2,Bangalore,12.9716,77.5946,2026-09-17 09:40:01,28.060104728276116,60,63.87979054344777,KAGGLE_SEED
2,Road 2,Bangalore,12.9716,77.5946,2026-09-17 10:40:01,27.417229028731818,60,65.16554194253636,KAGGLE_SEED
2,Road 2,Bangalore,12.9716,77.5946,2026-09-17 11:40:01,36.12219740005214,60,47.755605199895726,KAGGLE_SEED
2,Road 2,Bangalore,12.9716,77.5946,2026-09-17 12:40:01,41.29254442918361,60,37.41491114163279,KAGGLE_SEED
2,Road 2,Bangalore,12.9716,77.5946,2026-09-17 13:40:01,46.70742733728403,60,26.585145325431938,KAGGLE_SEED
2,Road 2,Bangalore,12.9716,77.5946,2026-09-17 14:40:01,46.316458842848704,60,27.367082314302593,KAGGLE_SEED
2,Road 2,Bangalore,12.9716,77.5946,2026-09-17 15:40:01,36.98716320833917,60,46.025673583321655,KAGGLE_SEED
2,Road 2,Bangalore,12.9716,77.5946,2026-09-17 16:40:01,39.73000661203608,60,40.53998677592784,KAGGLE_SEED
2,Road 2,Bangalore,12.9716,77.5946,2026-09-17 17:40:01,27.83232803490452,60,64.33534393019096,KAGGLE_SEED
2,Road 2,Bangalore,12.9716,77.5946,2026-09-17 18:40:01,27.382200046015654,60,65.23559990796869,KAGGLE_SEED
2,Road 2,Bangalore,12.9716,77.5946,2026-09-17 19:40:01,21.978606536703836,60,76.04278692659233,KAGGLE_SEED
2,Road 2,Bangalore,12.9716,77.5946,2026-09-17 20:40:01,41.10090260651948,60,37.79819478696103,KAGGLE_SEED
2,Road 2,Bangalore,12.9716,77.5946,2026-09-17 21:40:01,31.60887247336713,60,56.78225505326574,KAGGLE_SEED
2,Road 2,Bangalore,12.9716,77.5946,2026-09-17 22:40:01,36.57114441239462,60,46.85771117521077,KAGGLE_SEED
2,Road 2,Bangalore,12.9716,77.5946,2026-09-17 23:40:01,56.08615164161563,60,7.827696716768747,KAGGLE_SEED
2,Road 2,Bangalore,12.9716,77.5946,2026-09-18 00:40:01,55.0930919393503,60,9.813816121299404,KAGGLE_SEED
2,Road 2,Bangalore,12.9716,77.5946,2026-09-18 01:40:01,56.81812135045266,60,6.363757299094694,KAGGLE_SEED
2,Road 2,Bangalore,12.9716,77.5946,2026-09-18 02:40:01,56.93443146875119,60,6.131137062497617,KAGGLE_SEED
2,Road 2,Bangalore,12.9716,77.5946,2026-09-18 03:40:01,51.65727237834392,60,16.68545524331217,KAGGLE_SEED
2,Road 2,Bangalore,12.9716,77.5946,2026-09-18 04:40:01,48.898963339756556,60,22.202073320486885,KAGGLE_SEED
2,Road 2,Bangalore,12.9716,77.5946,2026-09-18 05:40:01,50.74599510447135,60,18.50800979105731,KAGGLE_SEED
2,Road 2,Bangalore,12.9716,77.5946,2026-09-18 06:40:01,39.73887550725247,60,40.52224898549505,KAGGLE_SEED
2,Road 2,Bangalore,12.9716,77.5946,2026-09-18 07:40:01,37.220133414438266,60,45.55973317112346,KAGGLE_SEED
2,Road 2,Bangalore,12.9716,77.5946,2026-09-18 08:40:01,33.179033715878454,60,53.64193256824309,KAGGLE_SEED
2,Road 2,Bangalore,12.9716,77.5946,2026-09-18 09:40:01,23.63854900212499,60,72.72290199575002,KAGGLE_SEED
2,Road 2,Bangalore,12.9716,77.5946,2026-09-18 10:40:01,25.319019966578956,60,69.36196006684209,KAGGLE_SEED
3,Road 3,Bangalore,12.9716,77.5946,2026-09-04 10:40:01,18.972919089094404,60,82.05416182181119,KAGGLE_SEED
3,Road 3,Bangalore,12.9716,77.5946,2026-09-04 11:40:01,34.97680155535352,60,50.046396889292964,KAGGLE_SEED
3,Road 3,Bangalore,12.9716,77.5946,2026-09-04 12:40:01,30.9678783894813,60,58.0642432210374,KAGGLE_SEED
3,Road 3,Bangalore,12.9716,77.5946,2026-09-04 13:40:01,43.38269705259915,60,33.2346058948017,KAGGLE_SEED
3,Road 3,Bangalore,12.9716,77.5946,2026-09-04 14:40:01,39.3914907123149,60,41.217018575370204,KAGGLE_SEED
3,Road 3,Bangalore,12.9716,77.5946,2026-09-04 15:40:01,45.60821355710823,60,28.78357288578354,KAGGLE_SEED
3,Road 3,Bangalore,12.9716,77.5946,2026-09-04 16:40:01,41.839822483066,60,36.320355033868,KAGGLE_SEED
3,Road 3,Bangalore,12.9716,77.5946,2026-09-04 17:40:01,21.09820849230755,60,77.8035830153849,KAGGLE_SEED
3,Road 3,Bangalore,12.9716,77.5946,2026-09-04 18:40:01,32.06522535361788,60,55.86954929276423,KAGGLE_SEED
3,Road 3,Bangalore,12.9716,77.5946,2026-09-04 19:40:01,21.10078205421557,60,77.79843589156886,KAGGLE_SEED
3,Road 3,Bangalore,12.9716,77.5946,2026-09-04 20:40:01,37.544899601794384,60,44.91020079641123,KAGGLE_SEED
3,Road 3,Bangalore,12.9716,77.5946,2026-09-04 21:40:01,32.98727438739161,60,54.02545122521679,KAGGLE_SEED
3,Road 3,Bangalore,12.9716,77.5946,2026-09-04 22:40:01,36.86503527993483,60,46.26992944013035,KAGGLE_SEED
3,Road 3,Bangalore,12.9716,77.5946,2026-09-04 23:40:01,52.77447353824028,60,14.451052923519446,KAGGLE_SEED
3,Road 3,Bangalore,12.9716,77.5946,2026-09-05 00:40:01,59.96030230537832,60,0.07939538924335317,KAGGLE_SEED
3,Road 3,Bangalore,12.9716,77.5946,2026-09-05 01:40:01,56.90626791223235,60,6.187464175535295,KAGGLE_SEED
3,Road 3,Bangalore,12.9716,77.5946,2026-09-05 02:40:01,58.57123929123661,60,2.8575214175267853,KAGGLE_SEED
3,Road 3,Bangalore,12.9716,77.5946,2026-09-05 03:40:01,57.7417956134581,60,4.516408773083793,KAGGLE_SEED
3,Road 3,Bangalore,12.9716,77.5946,2026-09-05 04:40:01,57.070000858346965,60,5.859998283306074,KAGGLE_SEED
3,Road 3,Bangalore,12.9716,77.5946,2026-09-05 05:40:01,57.752473420420756,60,4.495053159158486,KAGGLE_SEED
3,Road 3,Bangalore,12.9716,77.5946,2026-09-05 06:40:01,53.82804264141956,60,12.34391471716089,KAGGLE_SEED
3,Road 3,Bangalore,12.9716,77.5946,2026-09-05 07:40:01,48.44319251574091,60,23.113614968518178,KAGGLE_SEED
3,Road 3,Bangalore,12.9716,77.5946,2026-09-05 08:40:01,45.30936131342625,60,29.38127737314749,KAGGLE_SEED
3,Road 3,Bangalore,12.9716,77.5946,2026-09-05 09:40:01,38.45054985207517,60,43.09890029584967,KAGGLE_SEED
3,Road 3,Bangalore,12.9716,77.5946,2026-09-05 10:40:01,36.06998584855712,60,47.860028302885766,KAGGLE_SEED
3,Road 3,Bangalore,12.9716,77.5946,2026-09-05 11:40:01,43.312460038530745,60,33.37507992293851,KAGGLE_SEED
3,Road 3,Bangalore,12.9716,77.5946,2026-09-05 12:40:01,45.92080900578635,60,28.15838198842729,KAGGLE_SEED
3,Road 3,Bangalore,12.9716,77.5946,2026-09-05 13:40:01,45.59249231638751,60,28.815015367224976,KAGGLE_SEED
3,Road 3,Bangalore,12.9716,77.5946,2026-09-05 14:40:01,42.59442830242878,60,34.81114339514244,KAGGLE_SEED
3,Road 3,Bangalore,12.9716,77.5946,2026-09-05 15:40:01,45.250124076862576,60,29.49975184627484,KAGGLE_SEED
3,Road 3,Bangalore,12.9716,77.5946,2026-09-05 16:40:01,47.989002801551116,60,24.02199439689777,KAGGLE_SEED
3,Road 3,Bangalore,12.9716,77.5946,2026-09-05 17:40:01,38.58529462373999,60,42.82941075252002,KAGGLE_SEED
3,Road 3,Bangalore,12.9716,77.5946,2026-09-05 18:40:01,41.065391170508875,60,37.86921765898225,KAGGLE_SEED
3,Road 3,Bangalore,12.9716,77.5946,2026-09-05 19:40:01,32.02689603994804,60,55.94620792010392,KAGGLE_SEED
3,Road 3,Bangalore,12.9716,77.5946,2026-09-05 20:40:01,51.199279032980535,60,17.601441934038935,KAGGLE_SEED
3,Road 3,Bangalore,12.9716,77.5946,2026-09-05 21:40:01,48.19287097123986,60,23.614258057520278,KAGGLE_SEED
3,Road 3,Bangalore,12.9716,77.5946,2026-09-05 22:40:01,46.42753939991089,60,27.144921200178214,KAGGLE_SEED
3,Road 3,Bangalore,12.9716,77.5946,2026-09-05 23:40:01,55.70425725011473,60,8.591485499770547,KAGGLE_SEED
3,Road 3,Bangalore,12.9716,77.5946,2026-09-06 00:40:01,57.80919668161203,60,4.3816066367759365,KAGGLE_SEED
3,Road 3,Bangalore,12.9716,77.5946,2026-09-06 01:40:01,58.12835795899807,60,3.7432840820038535,KAGGLE_SEED
3,Road 3,Bangalore,12.9716,77.5946,2026-09-06 02:40:01,54.642719820826144,60,10.714560358347706,KAGGLE_SEED
3,Road 3,Bangalore,12.9716,77.5946,2026-09-06 03:40:01,57.06623428727985,60,5.867531425440309,KAGGLE_SEED
3,Road 3,Bangalore,12.9716,77.5946,2026-09-06 04:40:01,57.41105040659387,60,5.177899186812257,KAGGLE_SEED
3,Road 3,Bangalore,12.9716,77.5946,2026-09-06 05:40:01,58.9922340084177,60,2.0155319831646037,KAGGLE_SEED
3,Road 3,Bangalore,12.9716,77.5946,2026-09-06 06:40:01,52.932457406571416,60,14.135085186857165,KAGGLE_SEED
3,Road 3,Bangalore,12.9716,77.5946,2026-09-06 07:40:01,54.15241945348904,60,11.695161093021929,KAGGLE_SEED
3,Road 3,Bangalore,12.9716,77.5946,2026-09-06 08:40:01,40.34611147364278,60,39.30777705271445,KAGGLE_SEED
3,Road 3,Bangalore,12.9716,77.5946,2026-09-06 09:40:01,33.30512377401863,60,53.389752451962735,KAGGLE_SEED
3,Road 3,Bangalore,12.9716,77.5946,2026-09-06 10:40:01,40.7018283027857,60,38.59634339442861,KAGGLE_SEED
3,Road 3,Bangalore,12.9716,77.5946,2026-09-06 11:40:01,48.73797953804787,60,22.524040923904263,KAGGLE_SEED
3,Road 3,Bangalore,12.9716,77.5946,2026-09-06 12:40:01,46.65295379148466,60,26.694092417030667,KAGGLE_SEED
3,Road 3,Bangalore,12.9716,77.5946,2026-09-06 13:40:01,51.02848928387213,60,17.94302143225574,KAGGLE_SEED
3,Road 3,Bangalore,12.9716,77.5946,2026-09-06 14:40:01,47.06541927441053,60,25.869161451178933,KAGGLE_SEED
3,Road 3,Bangalore,12.9716,77.5946,2026-09-06 15:40:01,48.55031664309547,60,22.899366713809055,KAGGLE_SEED
3,Road 3,Bangalore,12.9716,77.5946,2026-09-06 16:40:01,50.32605152644239,60,19.347896947115217,KAGGLE_SEED
3,Road 3,Bangalore,12.9716,77.5946,2026-09-06 17:40:01,40.833341102846035,60,38.33331779430793,KAGGLE_SEED
3,Road 3,Bangalore,12.9716,77.5946,2026-09-06 18:40:01,34.9427180096654,60,50.1145639806692,KAGGLE_SEED
3,Road 3,Bangalore,12.9716,77.5946,2026-09-06 19:40:01,42.79759371474255,60,34.4048125705149,KAGGLE_SEED
3,Road 3,Bangalore,12.9716,77.5946,2026-09-06 20:40:01,49.98603889271121,60,20.02792221457758,KAGGLE_SEED
3,Road 3,Bangalore,12.9716,77.5946,2026-09-06 21:40:01,51.07344862571976,60,17.85310274856048,KAGGLE_SEED
3,Road 3,Bangalore,12.9716,77.5946,2026-09-06 22:40:01,46.873214972960405,60,26.253570054079187,KAGGLE_SEED
3,Road 3,Bangalore,12.9716,77.5946,2026-09-06 23:40:01,59.40438110181797,60,1.191237796364062,KAGGLE_SEED
3,Road 3,Bangalore,12.9716,77.5946,2026-09-07 00:40:01,56.426305502040904,60,7.147388995918185,KAGGLE_SEED
3,Road 3,Bangalore,12.9716,77.5946,2026-09-07 01:40:01,58.55247856399213,60,2.8950428720157397,KAGGLE_SEED
3,Road 3,Bangalore,12.9716,77.5946,2026-09-07 02:40:01,57.94525592932948,60,4.10948814134105,KAGGLE_SEED
3,Road 3,Bangalore,12.9716,77.5946,2026-09-07 03:40:01,56.6092363134154,60,6.781527373169192,KAGGLE_SEED
3,Road 3,Bangalore,12.9716,77.5946,2026-09-07 04:40:01,57.778321436206724,60,4.443357127586552,KAGGLE_SEED
3,Road 3,Bangalore,12.9716,77.5946,2026-09-07 05:40:01,50.763947546736915,60,18.47210490652617,KAGGLE_SEED
3,Road 3,Bangalore,12.9716,77.5946,2026-09-07 06:40:01,42.296539488363734,60,35.40692102327254,KAGGLE_SEED
3,Road 3,Bangalore,12.9716,77.5946,2026-09-07 07:40:01,43.756679861461876,60,32.486640277076255,KAGGLE_SEED
3,Road 3,Bangalore,12.9716,77.5946,2026-09-07 08:40:01,29.483479450029,60,61.033041099942,KAGGLE_SEED
3,Road 3,Bangalore,12.9716,77.5946,2026-09-07 09:40:01,27.950157889138396,60,64.09968422172321,KAGGLE_SEED
3,Road 3,Bangalore,12.9716,77.5946,2026-09-07 10:40:01,27.756269426050856,60,64.48746114789829,KAGGLE_SEED
3,Road 3,Bangalore,12.9716,77.5946,2026-09-07 11:40:01,44.20422754519158,60,31.59154490961684,KAGGLE_SEED
3,Road 3,Bangalore,12.9716,77.5946,2026-09-07 12:40:01,41.11664656292871,60,37.76670687414258,KAGGLE_SEED
3,Road 3,Bangalore,12.9716,77.5946,2026-09-07 13:40:01,42.361242995611775,60,35.27751400877645,KAGGLE_SEED
3,Road 3,Bangalore,12.9716,77.5946,2026-09-07 14:40:01,41.17967928722699,60,37.640641425546015,KAGGLE_SEED
3,Road 3,Bangalore,12.9716,77.5946,2026-09-07 15:40:01,43.05457337442592,60,33.89085325114816,KAGGLE_SEED
3,Road 3,Bangalore,12.9716,77.5946,2026-09-07 16:40:01,38.48417825275956,60,43.03164349448087,KAGGLE_SEED
3,Road 3,Bangalore,12.9716,77.5946,2026-09-07 17:40:01,19.31925470480455,60,81.3614905903909,KAGGLE_SEED
3,Road 3,Bangalore,12.9716,77.5946,2026-09-07 18:40:01,24.084964756430914,60,71.83007048713817,KAGGLE_SEED
3,Road 3,Bangalore,12.9716,77.5946,2026-09-07 19:40:01,23.5177369686292,60,72.9645260627416,KAGGLE_SEED
3,Road 3,Bangalore,12.9716,77.5946,2026-09-07 20:40:01,40.40770552573508,60,39.18458894852983,KAGGLE_SEED
3,Road 3,Bangalore,12.9716,77.5946,2026-09-07 21:40:01,44.96316277298442,60,30.073674454031163,KAGGLE_SEED
3,Road 3,Bangalore,12.9716,77.5946,2026-09-07 22:40:01,39.112126269926705,60,41.77574746014659,KAGGLE_SEED
3,Road 3,Bangalore,12.9716,77.5946,2026-09-07 23:40:01,53.84699638110474,60,12.306007237790524,KAGGLE_SEED
3,Road 3,Bangalore,12.9716,77.5946,2026-09-08 00:40:01,55.06376681325585,60,9.872466373488296,KAGGLE_SEED
3,Road 3,Bangalore,12.9716,77.5946,2026-09-08 01:40:01,56.74608739886612,60,6.507825202267749,KAGGLE_SEED
3,Road 3,Bangalore,12.9716,77.5946,2026-09-08 02:40:01,54.35920961648351,60,11.281580767032983,KAGGLE_SEED
3,Road 3,Bangalore,12.9716,77.5946,2026-09-08 03:40:01,52.48302153909658,60,15.033956921806828,KAGGLE_SEED
3,Road 3,Bangalore,12.9716,77.5946,2026-09-08 04:40:01,54.61693111367322,60,10.766137772653572,KAGGLE_SEED
3,Road 3,Bangalore,12.9716,77.5946,2026-09-08 05:40:01,52.45079119236153,60,15.098417615276949,KAGGLE_SEED
3,Road 3,Bangalore,12.9716,77.5946,2026-09-08 06:40:01,41.98866657019881,60,36.02266685960238,KAGGLE_SEED
3,Road 3,Bangalore,12.9716,77.5946,2026-09-08 07:40:01,32.72355805286125,60,54.5528838942775,KAGGLE_SEED
3,Road 3,Bangalore,12.9716,77.5946,2026-09-08 08:40:01,28.787480544638296,60,62.42503891072341,KAGGLE_SEED
3,Road 3,Bangalore,12.9716,77.5946,2026-09-08 09:40:01,20.14933829638605,60,79.7013234072279,KAGGLE_SEED
3,Road 3,Bangalore,12.9716,77.5946,2026-09-08 10:40:01,22.748009344343956,60,74.50398131131209,KAGGLE_SEED
3,Road 3,Bangalore,12.9716,77.5946,2026-09-08 11:40:01,38.64480182968802,60,42.71039634062396,KAGGLE_SEED
3,Road 3,Bangalore,12.9716,77.5946,2026-09-08 12:40:01,36.38784124227427,60,47.22431751545146,KAGGLE_SEED
3,Road 3,Bangalore,12.9716,77.5946,2026-09-08 13:40:01,40.14687481494383,60,39.706250370112336,KAGGLE_SEED
3,Road 3,Bangalore,12.9716,77.5946,2026-09-08 14:40:01,32.58148239527476,60,54.83703520945047,KAGGLE_SEED
3,Road 3,Bangalore,12.9716,77.5946,2026-09-08 15:40:01,46.628372168442276,60,26.743255663115445,KAGGLE_SEED
3,Road 3,Bangalore,12.9716,77.5946,2026-09-08 16:40:01,45.60014944023808,60,28.799701119523842,KAGGLE_SEED
3,Road 3,Bangalore,12.9716,77.5946,2026-09-08 17:40:01,24.64825665857535,60,70.7034866828493,KAGGLE_SEED
3,Road 3,Bangalore,12.9716,77.5946,2026-09-08 18:40:01,30.108348048637133,60,59.783303902725734,KAGGLE_SEED
3,Road 3,Bangalore,12.9716,77.5946,2026-09-08 19:40:01,27.36340831146039,60,65.27318337707922,KAGGLE_SEED
3,Road 3,Bangalore,12.9716,77.5946,2026-09-08 20:40:01,47.315220009395,60,25.36955998121,KAGGLE_SEED
3,Road 3,Bangalore,12.9716,77.5946,2026-09-08 21:40:01,34.64335772449795,60,50.713284551004094,KAGGLE_SEED
3,Road 3,Bangalore,12.9716,77.5946,2026-09-08 22:40:01,37.45490187250807,60,45.090196254983866,KAGGLE_SEED
3,Road 3,Bangalore,12.9716,77.5946,2026-09-08 23:40:01,50.450956830873565,60,19.09808633825287,KAGGLE_SEED
3,Road 3,Bangalore,12.9716,77.5946,2026-09-09 00:40:01,58.73075961385295,60,2.538480772294088,KAGGLE_SEED
3,Road 3,Bangalore,12.9716,77.5946,2026-09-09 01:40:01,59.59402993212453,60,0.811940135750941,KAGGLE_SEED
3,Road 3,Bangalore,12.9716,77.5946,2026-09-09 02:40:01,52.45347945376936,60,15.09304109246127,KAGGLE_SEED
3,Road 3,Bangalore,12.9716,77.5946,2026-09-09 03:40:01,54.87414219732036,60,10.251715605359282,KAGGLE_SEED
3,Road 3,Bangalore,12.9716,77.5946,2026-09-09 04:40:01,53.62225941287383,60,12.75548117425234,KAGGLE_SEED
3,Road 3,Bangalore,12.9716,77.5946,2026-09-09 05:40:01,52.930129931563265,60,14.139740136873476,KAGGLE_SEED
3,Road 3,Bangalore,12.9716,77.5946,2026-09-09 06:40:01,40.33203646039995,60,39.33592707920011,KAGGLE_SEED
3,Road 3,Bangalore,12.9716,77.5946,2026-09-09 07:40:01,32.611565135025614,60,54.776869729948764,KAGGLE_SEED
3,Road 3,Bangalore,12.9716,77.5946,2026-09-09 08:40:01,28.36298300501642,60,63.27403398996716,KAGGLE_SEED
3,Road 3,Bangalore,12.9716,77.5946,2026-09-09 09:40:01,29.0837955386614,60,61.8324089226772,KAGGLE_SEED
3,Road 3,Bangalore,12.9716,77.5946,2026-09-09 10:40:01,22.662289097258224,60,74.67542180548355,KAGGLE_SEED
3,Road 3,Bangalore,12.9716,77.5946,2026-09-09 11:40:01,34.36800292318286,60,51.26399415363429,KAGGLE_SEED
3,Road 3,Bangalore,12.9716,77.5946,2026-09-09 12:40:01,44.607362644148765,60,30.785274711702467,KAGGLE_SEED
3,Road 3,Bangalore,12.9716,77.5946,2026-09-09 13:40:01,40.00829678980538,60,39.983406420389244,KAGGLE_SEED
3,Road 3,Bangalore,12.9716,77.5946,2026-09-09 14:40:01,53.62012890587877,60,12.759742188242463,KAGGLE_SEED
3,Road 3,Bangalore,12.9716,77.5946,2026-09-09 15:40:01,42.367372188978216,60,35.26525562204357,KAGGLE_SEED
3,Road 3,Bangalore,12.9716,77.5946,2026-09-09 16:40:01,44.33441159375445,60,31.331176812491094,KAGGLE_SEED
3,Road 3,Bangalore,12.9716,77.5946,2026-09-09 17:40:01,26.409973550136705,60,67.18005289972659,KAGGLE_SEED
3,Road 3,Bangalore,12.9716,77.5946,2026-09-09 18:40:01,33.04292267807566,60,53.914154643848676,KAGGLE_SEED
3,Road 3,Bangalore,12.9716,77.5946,2026-09-09 19:40:01,16.14959257983827,60,87.70081484032346,KAGGLE_SEED
3,Road 3,Bangalore,12.9716,77.5946,2026-09-09 20:40:01,47.32628557340488,60,25.34742885319024,KAGGLE_SEED
3,Road 3,Bangalore,12.9716,77.5946,2026-09-09 21:40:01,48.338425047936155,60,23.323149904127696,KAGGLE_SEED
3,Road 3,Bangalore,12.9716,77.5946,2026-09-09 22:40:01,37.586471977361896,60,44.82705604527621,KAGGLE_SEED
3,Road 3,Bangalore,12.9716,77.5946,2026-09-09 23:40:01,54.76005830080628,60,10.479883398387448,KAGGLE_SEED
3,Road 3,Bangalore,12.9716,77.5946,2026-09-10 00:40:01,54.24770070051934,60,11.504598598961325,KAGGLE_SEED
3,Road 3,Bangalore,12.9716,77.5946,2026-09-10 01:40:01,58.47012678447703,60,3.05974643104594,KAGGLE_SEED
3,Road 3,Bangalore,12.9716,77.5946,2026-09-10 02:40:01,51.580087960514035,60,16.839824078971926,KAGGLE_SEED
3,Road 3,Bangalore,12.9716,77.5946,2026-09-10 03:40:01,52.00441587540065,60,15.991168249198692,KAGGLE_SEED
3,Road 3,Bangalore,12.9716,77.5946,2026-09-10 04:40:01,59.20430317759465,60,1.591393644810692,KAGGLE_SEED
3,Road 3,Bangalore,12.9716,77.5946,2026-09-10 05:40:01,54.24514754793154,60,11.509704904136926,KAGGLE_SEED
3,Road 3,Bangalore,12.9716,77.5946,2026-09-10 06:40:01,40.294403596527566,60,39.41119280694487,KAGGLE_SEED
3,Road 3,Bangalore,12.9716,77.5946,2026-09-10 07:40:01,43.59219885635198,60,32.815602287296045,KAGGLE_SEED
3,Road 3,Bangalore,12.9716,77.5946,2026-09-10 08:40:01,28.52331787761017,60,62.95336424477966,KAGGLE_SEED
3,Road 3,Bangalore,12.9716,77.5946,2026-09-10 09:40:01,22.862647279284182,60,74.27470544143164,KAGGLE_SEED
3,Road 3,Bangalore,12.9716,77.5946,2026-09-10 10:40:01,25.64062224470858,60,68.71875551058284,KAGGLE_SEED
3,Road 3,Bangalore,12.9716,77.5946,2026-09-10 11:40:01,33.381965992456394,60,53.23606801508721,KAGGLE_SEED
3,Road 3,Bangalore,12.9716,77.5946,2026-09-10 12:40:01,31.378365651076802,60,57.243268697846396,KAGGLE_SEED
3,Road 3,Bangalore,12.9716,77.5946,2026-09-10 13:40:01,41.64026160312552,60,36.719476793748946,KAGGLE_SEED
3,Road 3,Bangalore,12.9716,77.5946,2026-09-10 14:40:01,32.53630941324378,60,54.927381173512444,KAGGLE_SEED
3,Road 3,Bangalore,12.9716,77.5946,2026-09-10 15:40:01,37.49036290707362,60,45.01927418585277,KAGGLE_SEED
3,Road 3,Bangalore,12.9716,77.5946,2026-09-10 16:40:01,29.448847964493567,60,61.10230407101287,KAGGLE_SEED
3,Road 3,Bangalore,12.9716,77.5946,2026-09-10 17:40:01,32.000816618014,60,55.998366763971994,KAGGLE_SEED
3,Road 3,Bangalore,12.9716,77.5946,2026-09-10 18:40:01,29.582020150952708,60,60.835959698094584,KAGGLE_SEED
3,Road 3,Bangalore,12.9716,77.5946,2026-09-10 19:40:01,22.550803304185457,60,74.89839339162909,KAGGLE_SEED
3,Road 3,Bangalore,12.9716,77.5946,2026-09-10 20:40:01,41.2684467108798,60,37.46310657824041,KAGGLE_SEED
3,Road 3,Bangalore,12.9716,77.5946,2026-09-10 21:40:01,44.05208798798226,60,31.895824024035473,KAGGLE_SEED
3,Road 3,Bangalore,12.9716,77.5946,2026-09-10 22:40:01,38.02784964034912,60,43.94430071930177,KAGGLE_SEED
3,Road 3,Bangalore,12.9716,77.5946,2026-09-10 23:40:01,54.01542680079896,60,11.969146398402076,KAGGLE_SEED
3,Road 3,Bangalore,12.9716,77.5946,2026-09-11 00:40:01,57.00257531255842,60,5.994849374883156,KAGGLE_SEED
3,Road 3,Bangalore,12.9716,77.5946,2026-09-11 01:40:01,57.47931074580142,60,5.041378508397153,KAGGLE_SEED
3,Road 3,Bangalore,12.9716,77.5946,2026-09-11 02:40:01,50.66023934565335,60,18.679521308693303,KAGGLE_SEED
3,Road 3,Bangalore,12.9716,77.5946,2026-09-11 03:40:01,53.44863805483631,60,13.102723890327375,KAGGLE_SEED
3,Road 3,Bangalore,12.9716,77.5946,2026-09-11 04:40:01,53.637644672322374,60,12.724710655355253,KAGGLE_SEED
3,Road 3,Bangalore,12.9716,77.5946,2026-09-11 05:40:01,53.63619328879402,60,12.72761342241196,KAGGLE_SEED
3,Road 3,Bangalore,12.9716,77.5946,2026-09-11 06:40:01,36.682937236880626,60,46.63412552623875,KAGGLE_SEED
3,Road 3,Bangalore,12.9716,77.5946,2026-09-11 07:40:01,45.81622524494112,60,28.367549510117758,KAGGLE_SEED
3,Road 3,Bangalore,12.9716,77.5946,2026-09-11 08:40:01,30.592534378956426,60,58.81493124208715,KAGGLE_SEED
3,Road 3,Bangalore,12.9716,77.5946,2026-09-11 09:40:01,18.906542302575218,60,82.18691539484956,KAGGLE_SEED
3,Road 3,Bangalore,12.9716,77.5946,2026-09-11 10:40:01,21.398922071877102,60,77.2021558562458,KAGGLE_SEED
3,Road 3,Bangalore,12.9716,77.5946,2026-09-11 11:40:01,32.936147320026556,60,54.12770535994689,KAGGLE_SEED
3,Road 3,Bangalore,12.9716,77.5946,2026-09-11 12:40:01,35.83338969475948,60,48.333220610481035,KAGGLE_SEED
3,Road 3,Bangalore,12.9716,77.5946,2026-09-11 13:40:01,37.36488785327738,60,45.270224293445246,KAGGLE_SEED
3,Road 3,Bangalore,12.9716,77.5946,2026-09-11 14:40:01,39.59971384380525,60,40.800572312389505,KAGGLE_SEED
3,Road 3,Bangalore,12.9716,77.5946,2026-09-11 15:40:01,41.15651215110559,60,37.68697569778883,KAGGLE_SEED
3,Road 3,Bangalore,12.9716,77.5946,2026-09-11 16:40:01,44.9034865420637,60,30.1930269158726,KAGGLE_SEED
3,Road 3,Bangalore,12.9716,77.5946,2026-09-11 17:40:01,18.859958509051147,60,82.2800829818977,KAGGLE_SEED
3,Road 3,Bangalore,12.9716,77.5946,2026-09-11 18:40:01,26.704132027385022,60,66.59173594522996,KAGGLE_SEED
3,Road 3,Bangalore,12.9716,77.5946,2026-09-11 19:40:01,18.73959597097386,60,82.52080805805228,KAGGLE_SEED
3,Road 3,Bangalore,12.9716,77.5946,2026-09-11 20:40:01,39.022481428321086,60,41.95503714335783,KAGGLE_SEED
3,Road 3,Bangalore,12.9716,77.5946,2026-09-11 21:40:01,32.18613694301985,60,55.6277261139603,KAGGLE_SEED
3,Road 3,Bangalore,12.9716,77.5946,2026-09-11 22:40:01,37.80446556893989,60,44.391068862120214,KAGGLE_SEED
3,Road 3,Bangalore,12.9716,77.5946,2026-09-11 23:40:01,53.8119143378111,60,12.376171324377795,KAGGLE_SEED
3,Road 3,Bangalore,12.9716,77.5946,2026-09-12 00:40:01,57.917574215092124,60,4.164851569815753,KAGGLE_SEED
3,Road 3,Bangalore,12.9716,77.5946,2026-09-12 01:40:01,58.83889498053424,60,2.322210038931515,KAGGLE_SEED
3,Road 3,Bangalore,12.9716,77.5946,2026-09-12 02:40:01,58.05767393145116,60,3.8846521370976728,KAGGLE_SEED
3,Road 3,Bangalore,12.9716,77.5946,2026-09-12 03:40:01,58.719421852527574,60,2.5611562949448543,KAGGLE_SEED
3,Road 3,Bangalore,12.9716,77.5946,2026-09-12 04:40:01,55.62899428169236,60,8.74201143661528,KAGGLE_SEED
3,Road 3,Bangalore,12.9716,77.5946,2026-09-12 05:40:01,55.78409151605048,60,8.43181696789904,KAGGLE_SEED
3,Road 3,Bangalore,12.9716,77.5946,2026-09-12 06:40:01,42.803930229954815,60,34.39213954009037,KAGGLE_SEED
3,Road 3,Bangalore,12.9716,77.5946,2026-09-12 07:40:01,47.94417159106006,60,24.111656817879876,KAGGLE_SEED
3,Road 3,Bangalore,12.9716,77.5946,2026-09-12 08:40:01,36.71651630878297,60,46.56696738243405,KAGGLE_SEED
3,Road 3,Bangalore,12.9716,77.5946,2026-09-12 09:40:01,40.063861975299915,60,39.87227604940016,KAGGLE_SEED
3,Road 3,Bangalore,12.9716,77.5946,2026-09-12 10:40:01,36.40899921029401,60,47.182001579411974,KAGGLE_SEED
3,Road 3,Bangalore,12.9716,77.5946,2026-09-12 11:40:01,47.29914800729232,60,25.401703985415374,KAGGLE_SEED
3,Road 3,Bangalore,12.9716,77.5946,2026-09-12 12:40:01,46.16984009293964,60,27.660319814120722,KAGGLE_SEED
3,Road 3,Bangalore,12.9716,77.5946,2026-09-12 13:40:01,46.91547782212103,60,26.169044355757944,KAGGLE_SEED
3,Road 3,Bangalore,12.9716,77.5946,2026-09-12 14:40:01,42.566681401901796,60,34.86663719619641,KAGGLE_SEED
3,Road 3,Bangalore,12.9716,77.5946,2026-09-12 15:40:01,47.436183301425125,60,25.12763339714975,KAGGLE_SEED
3,Road 3,Bangalore,12.9716,77.5946,2026-09-12 16:40:01,54.13609331136462,60,11.727813377270769,KAGGLE_SEED
3,Road 3,Bangalore,12.9716,77.5946,2026-09-12 17:40:01,37.71589942137261,60,44.568201157254784,KAGGLE_SEED
3,Road 3,Bangalore,12.9716,77.5946,2026-09-12 18:40:01,35.808880338441014,60,48.38223932311798,KAGGLE_SEED
3,Road 3,Bangalore,12.9716,77.5946,2026-09-12 19:40:01,37.096259440656496,60,45.807481118687,KAGGLE_SEED
3,Road 3,Bangalore,12.9716,77.5946,2026-09-12 20:40:01,43.64782105963265,60,32.70435788073471,KAGGLE_SEED
3,Road 3,Bangalore,12.9716,77.5946,2026-09-12 21:40:01,49.9015303598029,60,20.1969392803942,KAGGLE_SEED
3,Road 3,Bangalore,12.9716,77.5946,2026-09-12 22:40:01,49.65951551654602,60,20.68096896690796,KAGGLE_SEED
3,Road 3,Bangalore,12.9716,77.5946,2026-09-12 23:40:01,58.90689763779463,60,2.1862047244107403,KAGGLE_SEED
3,Road 3,Bangalore,12.9716,77.5946,2026-09-13 00:40:01,55.89906560798135,60,8.2018687840373,KAGGLE_SEED
3,Road 3,Bangalore,12.9716,77.5946,2026-09-13 01:40:01,56.373601669430776,60,7.252796661138453,KAGGLE_SEED
3,Road 3,Bangalore,12.9716,77.5946,2026-09-13 02:40:01,57.92445309436426,60,4.1510938112714735,KAGGLE_SEED
3,Road 3,Bangalore,12.9716,77.5946,2026-09-13 03:40:01,57.237431507645816,60,5.525136984708371,KAGGLE_SEED
3,Road 3,Bangalore,12.9716,77.5946,2026-09-13 04:40:01,56.70014549095471,60,6.599709018090578,KAGGLE_SEED
3,Road 3,Bangalore,12.9716,77.5946,2026-09-13 05:40:01,57.02310440046508,60,5.953791199069838,KAGGLE_SEED
3,Road 3,Bangalore,12.9716,77.5946,2026-09-13 06:40:01,47.04498593866851,60,25.910028122662975,KAGGLE_SEED
3,Road 3,Bangalore,12.9716,77.5946,2026-09-13 07:40:01,51.69437781273376,60,16.61124437453248,KAGGLE_SEED
3,Road 3,Bangalore,12.9716,77.5946,2026-09-13 08:40:01,43.07431433990378,60,33.85137132019245,KAGGLE_SEED
3,Road 3,Bangalore,12.9716,77.5946,2026-09-13 09:40:01,36.889333551065086,60,46.22133289786983,KAGGLE_SEED
3,Road 3,Bangalore,12.9716,77.5946,2026-09-13 10:40:01,49.88240598355742,60,20.235188032885166,KAGGLE_SEED
3,Road 3,Bangalore,12.9716,77.5946,2026-09-13 11:40:01,44.19665233780738,60,31.60669532438525,KAGGLE_SEED
3,Road 3,Bangalore,12.9716,77.5946,2026-09-13 12:40:01,48.66068054423796,60,22.67863891152408,KAGGLE_SEED
3,Road 3,Bangalore,12.9716,77.5946,2026-09-13 13:40:01,50.465303851584395,60,19.069392296831204,KAGGLE_SEED
3,Road 3,Bangalore,12.9716,77.5946,2026-09-13 14:40:01,45.999253675557206,60,28.001492648885584,KAGGLE_SEED
3,Road 3,Bangalore,12.9716,77.5946,2026-09-13 15:40:01,44.74821553154557,60,30.503568936908856,KAGGLE_SEED
3,Road 3,Bangalore,12.9716,77.5946,2026-09-13 16:40:01,50.856403294024496,60,18.287193411951012,KAGGLE_SEED
3,Road 3,Bangalore,12.9716,77.5946,2026-09-13 17:40:01,35.63220474629878,60,48.735590507402435,KAGGLE_SEED
3,Road 3,Bangalore,12.9716,77.5946,2026-09-13 18:40:01,36.03222474979035,60,47.935550500419296,KAGGLE_SEED
3,Road 3,Bangalore,12.9716,77.5946,2026-09-13 19:40:01,41.24269894671028,60,37.51460210657944,KAGGLE_SEED
3,Road 3,Bangalore,12.9716,77.5946,2026-09-13 20:40:01,52.33205785825175,60,15.335884283496496,KAGGLE_SEED
3,Road 3,Bangalore,12.9716,77.5946,2026-09-13 21:40:01,40.43496437055787,60,39.13007125888426,KAGGLE_SEED
3,Road 3,Bangalore,12.9716,77.5946,2026-09-13 22:40:01,49.93894157349726,60,20.12211685300548,KAGGLE_SEED
3,Road 3,Bangalore,12.9716,77.5946,2026-09-13 23:40:01,56.823470838098814,60,6.3530583238023715,KAGGLE_SEED
3,Road 3,Bangalore,12.9716,77.5946,2026-09-14 00:40:01,55.51468424519956,60,8.97063150960088,KAGGLE_SEED
3,Road 3,Bangalore,12.9716,77.5946,2026-09-14 01:40:01,50.74953494428278,60,18.50093011143444,KAGGLE_SEED
3,Road 3,Bangalore,12.9716,77.5946,2026-09-14 02:40:01,52.055071920637005,60,15.889856158725994,KAGGLE_SEED
3,Road 3,Bangalore,12.9716,77.5946,2026-09-14 03:40:01,56.581497184713854,60,6.837005630572293,KAGGLE_SEED
3,Road 3,Bangalore,12.9716,77.5946,2026-09-14 04:40:01,53.70031664082457,60,12.599366718350858,KAGGLE_SEED
3,Road 3,Bangalore,12.9716,77.5946,2026-09-14 05:40:01,55.57804295922887,60,8.843914081542264,KAGGLE_SEED
3,Road 3,Bangalore,12.9716,77.5946,2026-09-14 06:40:01,40.990215291616934,60,38.01956941676613,KAGGLE_SEED
3,Road 3,Bangalore,12.9716,77.5946,2026-09-14 07:40:01,35.13357347543478,60,49.73285304913044,KAGGLE_SEED
3,Road 3,Bangalore,12.9716,77.5946,2026-09-14 08:40:01,30.588832105983236,60,58.82233578803353,KAGGLE_SEED
3,Road 3,Bangalore,12.9716,77.5946,2026-09-14 09:40:01,26.572364460184254,60,66.85527107963149,KAGGLE_SEED
3,Road 3,Bangalore,12.9716,77.5946,2026-09-14 10:40:01,26.617096661330713,60,66.76580667733857,KAGGLE_SEED
3,Road 3,Bangalore,12.9716,77.5946,2026-09-14 11:40:01,44.63252987023243,60,30.734940259535144,KAGGLE_SEED
3,Road 3,Bangalore,12.9716,77.5946,2026-09-14 12:40:01,39.30780124556972,60,41.384397508860566,KAGGLE_SEED
3,Road 3,Bangalore,12.9716,77.5946,2026-09-14 13:40:01,49.398422459611794,60,21.203155080776405,KAGGLE_SEED
3,Road 3,Bangalore,12.9716,77.5946,2026-09-14 14:40:01,38.42593986549671,60,43.14812026900658,KAGGLE_SEED
3,Road 3,Bangalore,12.9716,77.5946,2026-09-14 15:40:01,38.829198875453656,60,42.341602249092695,KAGGLE_SEED
3,Road 3,Bangalore,12.9716,77.5946,2026-09-14 16:40:01,38.76143031320464,60,42.47713937359071,KAGGLE_SEED
3,Road 3,Bangalore,12.9716,77.5946,2026-09-14 17:40:01,23.12450235281051,60,73.75099529437898,KAGGLE_SEED
3,Road 3,Bangalore,12.9716,77.5946,2026-09-14 18:40:01,24.58515295683238,60,70.82969408633524,KAGGLE_SEED
3,Road 3,Bangalore,12.9716,77.5946,2026-09-14 19:40:01,28.3702182699563,60,63.2595634600874,KAGGLE_SEED
3,Road 3,Bangalore,12.9716,77.5946,2026-09-14 20:40:01,37.29311085494743,60,45.413778290105135,KAGGLE_SEED
3,Road 3,Bangalore,12.9716,77.5946,2026-09-14 21:40:01,43.717828486106455,60,32.56434302778708,KAGGLE_SEED
3,Road 3,Bangalore,12.9716,77.5946,2026-09-14 22:40:01,41.573267250278,60,36.853465499444,KAGGLE_SEED
3,Road 3,Bangalore,12.9716,77.5946,2026-09-14 23:40:01,59.120260390478556,60,1.759479219042884,KAGGLE_SEED
3,Road 3,Bangalore,12.9716,77.5946,2026-09-15 00:40:01,55.26504004008376,60,9.46991991983247,KAGGLE_SEED
3,Road 3,Bangalore,12.9716,77.5946,2026-09-15 01:40:01,52.62682329523504,60,14.746353409529924,KAGGLE_SEED
3,Road 3,Bangalore,12.9716,77.5946,2026-09-15 02:40:01,57.26332204350358,60,5.47335591299284,KAGGLE_SEED
3,Road 3,Bangalore,12.9716,77.5946,2026-09-15 03:40:01,56.091128944037685,60,7.817742111924634,KAGGLE_SEED
3,Road 3,Bangalore,12.9716,77.5946,2026-09-15 04:40:01,55.689775797588744,60,8.620448404822515,KAGGLE_SEED
3,Road 3,Bangalore,12.9716,77.5946,2026-09-15 05:40:01,54.004997414731,60,11.990005170538002,KAGGLE_SEED
3,Road 3,Bangalore,12.9716,77.5946,2026-09-15 06:40:01,43.26699316299432,60,33.466013674011364,KAGGLE_SEED
3,Road 3,Bangalore,12.9716,77.5946,2026-09-15 07:40:01,41.699629560361494,60,36.60074087927701,KAGGLE_SEED
3,Road 3,Bangalore,12.9716,77.5946,2026-09-15 08:40:01,35.460987180272795,60,49.07802563945442,KAGGLE_SEED
3,Road 3,Bangalore,12.9716,77.5946,2026-09-15 09:40:01,22.82743162399145,60,74.3451367520171,KAGGLE_SEED
3,Road 3,Bangalore,12.9716,77.5946,2026-09-15 10:40:01,21.325956671716916,60,77.34808665656617,KAGGLE_SEED
3,Road 3,Bangalore,12.9716,77.5946,2026-09-15 11:40:01,41.920072396215744,60,36.15985520756852,KAGGLE_SEED
3,Road 3,Bangalore,12.9716,77.5946,2026-09-15 12:40:01,37.91609481294653,60,44.167810374106935,KAGGLE_SEED
3,Road 3,Bangalore,12.9716,77.5946,2026-09-15 13:40:01,47.332709430040126,60,25.33458113991974,KAGGLE_SEED
3,Road 3,Bangalore,12.9716,77.5946,2026-09-15 14:40:01,40.70508654096394,60,38.58982691807212,KAGGLE_SEED
3,Road 3,Bangalore,12.9716,77.5946,2026-09-15 15:40:01,41.339879968199575,60,37.32024006360085,KAGGLE_SEED
3,Road 3,Bangalore,12.9716,77.5946,2026-09-15 16:40:01,35.08520340917235,60,49.8295931816553,KAGGLE_SEED
3,Road 3,Bangalore,12.9716,77.5946,2026-09-15 17:40:01,20.377886967588765,60,79.24422606482247,KAGGLE_SEED
3,Road 3,Bangalore,12.9716,77.5946,2026-09-15 18:40:01,26.700770363652417,60,66.59845927269517,KAGGLE_SEED
3,Road 3,Bangalore,12.9716,77.5946,2026-09-15 19:40:01,21.265026097253134,60,77.46994780549373,KAGGLE_SEED
3,Road 3,Bangalore,12.9716,77.5946,2026-09-15 20:40:01,38.950397574372715,60,42.09920485125457,KAGGLE_SEED
3,Road 3,Bangalore,12.9716,77.5946,2026-09-15 21:40:01,40.47131170863583,60,39.05737658272834,KAGGLE_SEED
3,Road 3,Bangalore,12.9716,77.5946,2026-09-15 22:40:01,34.647050052826266,60,50.70589989434747,KAGGLE_SEED
3,Road 3,Bangalore,12.9716,77.5946,2026-09-15 23:40:01,55.35835604899338,60,9.283287902013246,KAGGLE_SEED
3,Road 3,Bangalore,12.9716,77.5946,2026-09-16 00:40:01,53.56333349755492,60,12.87333300489016,KAGGLE_SEED
3,Road 3,Bangalore,12.9716,77.5946,2026-09-16 01:40:01,55.706468652943144,60,8.58706269411371,KAGGLE_SEED
3,Road 3,Bangalore,12.9716,77.5946,2026-09-16 02:40:01,52.703550983147316,60,14.592898033705364,KAGGLE_SEED
3,Road 3,Bangalore,12.9716,77.5946,2026-09-16 03:40:01,55.1138946836532,60,9.772210632693607,KAGGLE_SEED
3,Road 3,Bangalore,12.9716,77.5946,2026-09-16 04:40:01,54.689142025022996,60,10.621715949954012,KAGGLE_SEED
3,Road 3,Bangalore,12.9716,77.5946,2026-09-16 05:40:01,52.96523954391553,60,14.069520912168944,KAGGLE_SEED
3,Road 3,Bangalore,12.9716,77.5946,2026-09-16 06:40:01,39.93235344913606,60,40.135293101727875,KAGGLE_SEED
3,Road 3,Bangalore,12.9716,77.5946,2026-09-16 07:40:01,33.64584728591837,60,52.70830542816326,KAGGLE_SEED
3,Road 3,Bangalore,12.9716,77.5946,2026-09-16 08:40:01,36.156431486637366,60,47.68713702672527,KAGGLE_SEED
3,Road 3,Bangalore,12.9716,77.5946,2026-09-16 09:40:01,19.841261107968904,60,80.31747778406219,KAGGLE_SEED
3,Road 3,Bangalore,12.9716,77.5946,2026-09-16 10:40:01,21.767744843821212,60,76.46451031235758,KAGGLE_SEED
3,Road 3,Bangalore,12.9716,77.5946,2026-09-16 11:40:01,42.16753291050684,60,35.664934178986314,KAGGLE_SEED
3,Road 3,Bangalore,12.9716,77.5946,2026-09-16 12:40:01,27.54904889882883,60,64.90190220234234,KAGGLE_SEED
3,Road 3,Bangalore,12.9716,77.5946,2026-09-16 13:40:01,36.816065381709194,60,46.36786923658161,KAGGLE_SEED
3,Road 3,Bangalore,12.9716,77.5946,2026-09-16 14:40:01,38.6602915316721,60,42.67941693665579,KAGGLE_SEED
3,Road 3,Bangalore,12.9716,77.5946,2026-09-16 15:40:01,32.84123162070594,60,54.31753675858812,KAGGLE_SEED
3,Road 3,Bangalore,12.9716,77.5946,2026-09-16 16:40:01,53.87916386135991,60,12.241672277280173,KAGGLE_SEED
3,Road 3,Bangalore,12.9716,77.5946,2026-09-16 17:40:01,26.01619858065186,60,67.96760283869628,KAGGLE_SEED
3,Road 3,Bangalore,12.9716,77.5946,2026-09-16 18:40:01,16.700721175248958,60,86.59855764950208,KAGGLE_SEED
3,Road 3,Bangalore,12.9716,77.5946,2026-09-16 19:40:01,25.709013976773328,60,68.58197204645334,KAGGLE_SEED
3,Road 3,Bangalore,12.9716,77.5946,2026-09-16 20:40:01,38.10904429626292,60,43.78191140747415,KAGGLE_SEED
3,Road 3,Bangalore,12.9716,77.5946,2026-09-16 21:40:01,43.08251268522609,60,33.83497462954782,KAGGLE_SEED
3,Road 3,Bangalore,12.9716,77.5946,2026-09-16 22:40:01,39.58983656729658,60,40.82032686540684,KAGGLE_SEED
3,Road 3,Bangalore,12.9716,77.5946,2026-09-16 23:40:01,56.08733690137589,60,7.825326197248209,KAGGLE_SEED
3,Road 3,Bangalore,12.9716,77.5946,2026-09-17 00:40:01,53.54228435611555,60,12.9154312877689,KAGGLE_SEED
3,Road 3,Bangalore,12.9716,77.5946,2026-09-17 01:40:01,48.9653051945288,60,22.069389610942398,KAGGLE_SEED
3,Road 3,Bangalore,12.9716,77.5946,2026-09-17 02:40:01,55.08915673522716,60,9.821686529545687,KAGGLE_SEED
3,Road 3,Bangalore,12.9716,77.5946,2026-09-17 03:40:01,58.111788421708845,60,3.7764231565823128,KAGGLE_SEED
3,Road 3,Bangalore,12.9716,77.5946,2026-09-17 04:40:01,52.467945217104514,60,15.064109565790972,KAGGLE_SEED
3,Road 3,Bangalore,12.9716,77.5946,2026-09-17 05:40:01,55.74059445774893,60,8.51881108450215,KAGGLE_SEED
3,Road 3,Bangalore,12.9716,77.5946,2026-09-17 06:40:01,46.31678619067951,60,27.366427618640977,KAGGLE_SEED
3,Road 3,Bangalore,12.9716,77.5946,2026-09-17 07:40:01,46.58022572134322,60,26.83954855731356,KAGGLE_SEED
3,Road 3,Bangalore,12.9716,77.5946,2026-09-17 08:40:01,26.292426657847038,60,67.41514668430592,KAGGLE_SEED
3,Road 3,Bangalore,12.9716,77.5946,2026-09-17 09:40:01,28.38437990385957,60,63.23124019228086,KAGGLE_SEED
3,Road 3,Bangalore,12.9716,77.5946,2026-09-17 10:40:01,30.575576386693616,60,58.84884722661277,KAGGLE_SEED
3,Road 3,Bangalore,12.9716,77.5946,2026-09-17 11:40:01,35.93591689683298,60,48.12816620633404,KAGGLE_SEED
3,Road 3,Bangalore,12.9716,77.5946,2026-09-17 12:40:01,34.612608086279,60,50.77478382744199,KAGGLE_SEED
3,Road 3,Bangalore,12.9716,77.5946,2026-09-17 13:40:01,42.766572095785506,60,34.466855808428996,KAGGLE_SEED
3,Road 3,Bangalore,12.9716,77.5946,2026-09-17 14:40:01,41.424505640057525,60,37.15098871988495,KAGGLE_SEED
3,Road 3,Bangalore,12.9716,77.5946,2026-09-17 15:40:01,32.5442924084537,60,54.91141518309261,KAGGLE_SEED
3,Road 3,Bangalore,12.9716,77.5946,2026-09-17 16:40:01,37.6221204946965,60,44.755759010607,KAGGLE_SEED
3,Road 3,Bangalore,12.9716,77.5946,2026-09-17 17:40:01,27.667843135586303,60,64.6643137288274,KAGGLE_SEED
3,Road 3,Bangalore,12.9716,77.5946,2026-09-17 18:40:01,31.997699189218217,60,56.004601621563566,KAGGLE_SEED
3,Road 3,Bangalore,12.9716,77.5946,2026-09-17 19:40:01,18.582037951136456,60,82.83592409772709,KAGGLE_SEED
3,Road 3,Bangalore,12.9716,77.5946,2026-09-17 20:40:01,40.52061225919229,60,38.958775481615426,KAGGLE_SEED
3,Road 3,Bangalore,12.9716,77.5946,2026-09-17 21:40:01,36.06837435612677,60,47.86325128774647,KAGGLE_SEED
3,Road 3,Bangalore,12.9716,77.5946,2026-09-17 22:40:01,34.37486909144348,60,51.25026181711304,KAGGLE_SEED
3,Road 3,Bangalore,12.9716,77.5946,2026-09-17 23:40:01,53.68179552300711,60,12.636408953985777,KAGGLE_SEED
3,Road 3,Bangalore,12.9716,77.5946,2026-09-18 00:40:01,53.07421147708571,60,13.85157704582858,KAGGLE_SEED
3,Road 3,Bangalore,12.9716,77.5946,2026-09-18 01:40:01,52.49868332286194,60,15.002633354276114,KAGGLE_SEED
3,Road 3,Bangalore,12.9716,77.5946,2026-09-18 02:40:01,54.294331423433874,60,11.411337153132244,KAGGLE_SEED
3,Road 3,Bangalore,12.9716,77.5946,2026-09-18 03:40:01,53.17164661038535,60,13.656706779229303,KAGGLE_SEED
3,Road 3,Bangalore,12.9716,77.5946,2026-09-18 04:40:01,56.50781063526079,60,6.98437872947842,KAGGLE_SEED
3,Road 3,Bangalore,12.9716,77.5946,2026-09-18 05:40:01,53.30418833165038,60,13.391623336699245,KAGGLE_SEED
3,Road 3,Bangalore,12.9716,77.5946,2026-09-18 06:40:01,30.244562653046273,60,59.51087469390745,KAGGLE_SEED
3,Road 3,Bangalore,12.9716,77.5946,2026-09-18 07:40:01,46.682288658493746,60,26.635422683012514,KAGGLE_SEED
3,Road 3,Bangalore,12.9716,77.5946,2026-09-18 08:40:01,21.624245947693197,60,76.7515081046136,KAGGLE_SEED
3,Road 3,Bangalore,12.9716,77.5946,2026-09-18 09:40:01,29.529491835021506,60,60.94101632995699,KAGGLE_SEED
3,Road 3,Bangalore,12.9716,77.5946,2026-09-18 10:40:01,24.4255999916697,60,71.1488000166606,KAGGLE_SEED
